Hatch_tag,Snail_ID,Alive,Is_Replacement,Treat,Pop,Egg_tag,OriginalTank,Condo,Old_Condo,Was_reloaded,Death_date,Sex,Date,Water_weight,Air_weight,Tissue_weight,Month,Transplanted,Weight_replacement,Replacement_date
404,NHNH404_311_5,Y,N,NH,NH,311,6B,253,253,N,,male,2022-10-24,0.0436,0.1199,0.0763,Oct-22,No,No,
404,NHNH404_311_5,Y,N,NH,NH,311,6B,253,253,N,,male,2023-01-14,0.0451,0.1156,0.0705,Jan-23,No,No,
404,NHNH404_311_5,Y,N,NH,NH,311,6B,253,253,N,,male,2023-02-16,0.0448,0.1176,0.0728,Feb-23,No,No,
404,NHNH404_311_5,Y,N,NH,NH,311,6B,253,253,N,,male,2023-03-17,0.0444,0.1158,0.0714,Mar-23,No,No,
404,NHNH404_311_5,Y,N,NH,NH,311,6B,253,253,N,,male,2023-04-12,0.0454,0.1176,0.0722,Apr-23,No,No,
404,NHNH404_311_5,Y,N,NH,NH,311,6B,253,253,N,,male,2023-05-12,0.0466,0.1178,0.0712,May-23,No,No,
404,NHNH404_311_5,Y,N,NH,NH,311,6B,253,253,N,,male,2023-06-09,0.0591,0.1566,0.0975,Jun-23,No,No,
404,NHNH404_311_5,Y,N,NH,NH,311,6B,253,253,N,,male,2023-07-07,0.0878,0.2176,0.1298,Jul-23,No,No,
404,NHNH404_311_5,Y,N,NH,NH,311,6B,253,253,N,,male,2023-08-18,0.1389,0.327,0.1881,Aug-23,No,No,
404,NHNH404_311_5,Y,N,NH,NH,311,6B,253,253,N,,male,2023-09-18,0.1582,0.3768,0.2186,Sep-23,No,No,
404,NHNH404_311_5,Y,N,NH,NH,311,6B,253,253,N,,male,2023-10-12,0.1598,0.3808,0.221,Oct-23,No,No,
404,NHNH404_311_5,Y,N,NH,NH,311,6B,253,253,N,,male,2023-11-10,0.1596,0.3663,0.2067,Nov-23,No,No,
404,NHNH404_311_5,Y,N,NH,NH,311,6B,253,253,N,,male,2023-12-06,0.1572,0.3629,0.2057,Dec-23,No,No,
439,NCNH439_310_19,N,N,NC,NH,310,3A,,227,N,2023-06-26,male,2022-10-24,0.1336,0.379,0.2454,Oct-22,No,No,
439,NCNH439_310_19,N,N,NC,NH,310,3A,,227,N,2023-06-26,male,2023-01-12,0.215,0.5418,0.3268,Jan-23,No,No,
439,NCNH439_310_19,N,N,NC,NH,310,3A,,227,N,2023-06-26,male,2023-02-14,0.2163,0.5454,0.3291,Feb-23,No,No,
439,NCNH439_310_19,N,N,NC,NH,310,3A,,227,N,2023-06-26,male,2023-03-16,0.2188,0.5562,0.3374,Mar-23,No,No,
439,NCNH439_310_19,N,N,NC,NH,310,3A,,227,N,2023-06-26,male,2023-04-12,0.2344,0.5746,0.3402,Apr-23,No,No,
439,NCNH439_310_19,N,N,NC,NH,310,3A,,227,N,2023-06-26,male,2023-05-11,0.2827,0.7294,0.4467,May-23,No,No,
410,NCNH410_311_4,Y,N,NC,NH,311,3A,225,225,N,,male,2022-10-24,0.1119,0.2845,0.1726,Oct-22,No,No,
410,NCNH410_311_4,Y,N,NC,NH,311,3A,225,225,N,,male,2023-01-12,0.1575,0.3796,0.2221,Jan-23,No,No,
410,NCNH410_311_4,Y,N,NC,NH,311,3A,225,225,N,,male,2023-02-14,0.1585,0.3804,0.2219,Feb-23,No,No,
410,NCNH410_311_4,Y,N,NC,NH,311,3A,225,225,N,,male,2023-03-16,0.1613,0.3892,0.2279,Mar-23,No,No,
410,NCNH410_311_4,Y,N,NC,NH,311,3A,225,225,N,,male,2023-04-12,0.168,0.3907,0.2227,Apr-23,No,No,
410,NCNH410_311_4,Y,N,NC,NH,311,3A,225,225,N,,male,2023-05-11,0.2147,0.5319,0.3172,May-23,No,No,
410,NCNH410_311_4,Y,N,NC,NH,311,3A,225,225,N,,male,2023-06-08,0.2807,0.6851,0.4044,Jun-23,No,No,
410,NCNH410_311_4,Y,N,NC,NH,311,3A,225,225,N,,male,2023-07-06,0.2896,0.7716,0.482,Jul-23,No,No,
410,NCNH410_311_4,Y,N,NC,NH,311,3A,225,225,N,,male,2023-08-17,0.3752,0.8551,0.4799,Aug-23,No,No,
410,NCNH410_311_4,Y,N,NC,NH,311,3A,225,225,N,,male,2023-09-18,0.391,0.8905,0.4995,Sep-23,No,No,
410,NCNH410_311_4,Y,N,NC,NH,311,3A,225,225,N,,male,2023-10-10,0.409,0.9512,0.5422,Oct-23,No,No,
410,NCNH410_311_4,Y,N,NC,NH,311,3A,225,225,N,,male,2023-11-07,0.4361,0.9968,0.5607,Nov-23,No,No,
410,NCNH410_311_4,Y,N,NC,NH,311,3A,225,225,N,,male,2023-12-04,0.4386,0.9822,0.5436,Dec-23,No,No,
411,NCNH411_311_5,Y,N,NC,NH,311,3B,223,223,N,,female,2022-10-24,0.1165,0.297,0.1805,Oct-22,No,No,
411,NCNH411_311_5,Y,N,NC,NH,311,3B,223,223,N,,female,2023-01-12,0.1875,0.4499,0.2624,Jan-23,No,No,
411,NCNH411_311_5,Y,N,NC,NH,311,3B,223,223,N,,female,2023-02-14,0.1875,0.4641,0.2766,Feb-23,No,No,
411,NCNH411_311_5,Y,N,NC,NH,311,3B,223,223,N,,female,2023-03-16,0.1873,0.4592,0.2719,Mar-23,No,No,
411,NCNH411_311_5,Y,N,NC,NH,311,3B,223,223,N,,female,2023-04-12,0.2011,0.4901,0.289,Apr-23,No,No,
411,NCNH411_311_5,Y,N,NC,NH,311,3B,223,223,N,,female,2023-05-11,0.2112,0.4935,0.2823,May-23,No,No,
411,NCNH411_311_5,Y,N,NC,NH,311,3B,223,223,N,,female,2023-06-08,0.2453,0.582,0.3367,Jun-23,No,No,
411,NCNH411_311_5,Y,N,NC,NH,311,3B,223,223,N,,female,2023-07-06,0.2885,0.6511,0.3626,Jul-23,No,No,
411,NCNH411_311_5,Y,N,NC,NH,311,3B,223,223,N,,female,2023-08-17,0.2946,0.6395,0.3449,Aug-23,No,No,
411,NCNH411_311_5,Y,N,NC,NH,311,3B,223,223,N,,female,2023-09-18,0.2917,0.6575,0.3658,Sep-23,No,No,
411,NCNH411_311_5,Y,N,NC,NH,311,3B,223,223,N,,female,2023-10-12,0.2977,0.6843,0.3866,Oct-23,No,No,
411,NCNH411_311_5,Y,N,NC,NH,311,3B,223,223,N,,female,2023-11-09,0.3115,0.7207,0.4092,Nov-23,No,No,
411,NCNH411_311_5,Y,N,NC,NH,311,3B,223,223,N,,female,2023-12-04,0.3159,0.7197,0.4038,Dec-23,No,No,
413,NCNH413_311_7,Y,N,NC,NH,311,3A,230,230,N,,male,2023-09-18,0.4103,0.9306,0.5203,Sep-23,No,Yes,2023-09-18
413,NCNH413_311_7,Y,N,NC,NH,311,3A,230,230,N,,male,2023-10-12,0.4073,0.9287,0.5214,Oct-23,No,Yes,2023-09-18
413,NCNH413_311_7,Y,N,NC,NH,311,3A,230,230,N,,male,2023-11-09,0.4047,0.9282,0.5235,Nov-23,No,Yes,2023-09-18
413,NCNH413_311_7,Y,N,NC,NH,311,3A,230,230,N,,male,2023-12-06,0.4031,0.9201,0.517,Dec-23,No,Yes,2023-09-18
414,NHNH414_317_8,Y,N,NH,NH,317,6B,286,256,N,,female,2022-10-24,0.0345,0.0933,0.0588,Oct-22,No,No,
414,NHNH414_317_8,Y,N,NH,NH,317,6B,286,256,N,,female,2023-01-13,0.0292,0.0791,0.0499,Jan-23,No,No,
414,NHNH414_317_8,Y,N,NH,NH,317,6B,286,256,N,,female,2023-02-15,0.0286,0.0778,0.0492,Feb-23,No,No,
414,NHNH414_317_8,Y,N,NH,NH,317,6B,286,256,N,,female,2023-03-16,0.028,0.0791,0.0511,Mar-23,No,No,
414,NHNH414_317_8,Y,N,NH,NH,317,6B,286,256,N,,female,2023-04-12,0.0282,0.0779,0.0497,Apr-23,No,No,
414,NHNH414_317_8,Y,N,NH,NH,317,6B,286,256,N,,female,2023-05-12,0.0282,0.0747,0.0465,May-23,No,No,
414,NHNH414_317_8,Y,N,NH,NH,317,6B,286,256,N,,female,2023-06-08,0.0343,0.0948,0.0605,Jun-23,No,No,
414,NHNH414_317_8,Y,N,NH,NH,317,6B,286,256,N,,female,2023-07-07,0.0677,0.1853,0.1176,Jul-23,No,No,
414,NHNH414_317_8,Y,N,NH,NH,317,6B,286,256,N,,female,2023-09-18,0.1651,0.4277,0.2626,Sep-23,No,No,
414,NHNH414_317_8,Y,N,NH,NH,317,6B,286,256,N,,female,2023-10-10,0.1765,0.4383,0.2618,Oct-23,No,No,
414,NHNH414_317_8,Y,N,NH,NH,317,6B,286,256,N,,female,2023-11-10,0.1784,0.4244,0.246,Nov-23,No,No,
414,NHNH414_317_8,Y,N,NH,NH,317,6B,286,256,N,,female,2023-12-06,0.1776,0.4219,0.2443,Dec-23,No,No,
422,NCNH422_317_9,Y,N,NC,NH,317,3C,230,230,N,,female,2023-09-18,0.5362,1.3282,0.792,Sep-23,No,Yes,2023-09-18
422,NCNH422_317_9,Y,N,NC,NH,317,3C,230,230,N,,female,2023-10-10,0.5518,1.2936,0.7418,Oct-23,No,Yes,2023-09-18
422,NCNH422_317_9,Y,N,NC,NH,317,3C,230,230,N,,female,2023-11-07,0.5569,1.3299,0.773,Nov-23,No,Yes,2023-09-18
422,NCNH422_317_9,Y,N,NC,NH,317,3C,230,230,N,,female,2023-12-04,0.5562,1.321,0.7648,Dec-23,No,Yes,2023-09-18
435,NCNH435_310_15,Y,N,NC,NH,310,3C,223,223,N,,male,2023-06-08,0.3678,0.877,0.5092,Jun-23,No,Yes,2023-06-08
435,NCNH435_310_15,Y,N,NC,NH,310,3C,223,223,N,,male,2023-07-06,0.4212,0.9783,0.5571,Jul-23,No,Yes,2023-06-08
435,NCNH435_310_15,Y,N,NC,NH,310,3C,223,223,N,,male,2023-08-17,0.4624,1.0143,0.5519,Aug-23,No,Yes,2023-06-08
418,NHNH418_317_12,Y,N,NH,NH,317,6C,255,255,N,,male,2022-10-24,0.032,0.0853,0.0533,Oct-22,No,No,
418,NHNH418_317_12,Y,N,NH,NH,317,6C,255,255,N,,male,2023-01-14,0.033,0.0829,0.0499,Jan-23,No,No,
418,NHNH418_317_12,Y,N,NH,NH,317,6C,255,255,N,,male,2023-02-16,0.032,0.1809,0.1489,Feb-23,No,No,
418,NHNH418_317_12,Y,N,NH,NH,317,6C,255,255,N,,male,2023-03-17,0.0315,0.0812,0.0497,Mar-23,No,No,
418,NHNH418_317_12,Y,N,NH,NH,317,6C,255,255,N,,male,2023-04-12,0.0321,0.0841,0.052,Apr-23,No,No,
418,NHNH418_317_12,Y,N,NH,NH,317,6C,255,255,N,,male,2023-05-12,0.0329,0.0833,0.0504,May-23,No,No,
418,NHNH418_317_12,Y,N,NH,NH,317,6C,255,255,N,,male,2023-06-09,0.0422,0.1104,0.0682,Jun-23,No,No,
418,NHNH418_317_12,Y,N,NH,NH,317,6C,255,255,N,,male,2023-07-07,0.0809,0.197,0.1161,Jul-23,No,No,
418,NHNH418_317_12,Y,N,NH,NH,317,6C,255,255,N,,male,2023-08-18,0.1626,0.3808,0.2182,Aug-23,No,No,
418,NHNH418_317_12,Y,N,NH,NH,317,6C,255,255,N,,male,2023-09-18,0.1874,0.4375,0.2501,Sep-23,No,No,
418,NHNH418_317_12,Y,N,NH,NH,317,6C,255,255,N,,male,2023-10-12,0.1904,0.4426,0.2522,Oct-23,No,No,
418,NHNH418_317_12,Y,N,NH,NH,317,6C,255,255,N,,male,2023-11-10,0.1906,0.4339,0.2433,Nov-23,No,No,
418,NHNH418_317_12,Y,N,NH,NH,317,6C,255,255,N,,male,2023-12-06,0.1876,0.4257,0.2381,Dec-23,No,No,
421,NCNH421_317_8,Y,N,NC,NH,317,3B,229,229,N,,female,2022-10-24,0.1699,0.4598,0.2899,Oct-22,No,No,
421,NCNH421_317_8,Y,N,NC,NH,317,3B,229,229,N,,female,2023-01-12,0.2803,0.7036,0.4233,Jan-23,No,No,
421,NCNH421_317_8,Y,N,NC,NH,317,3B,229,229,N,,female,2023-02-14,0.2873,0.7374,0.4501,Feb-23,No,No,
421,NCNH421_317_8,Y,N,NC,NH,317,3B,229,229,N,,female,2023-03-16,0.2846,0.752,0.4674,Mar-23,No,No,
421,NCNH421_317_8,Y,N,NC,NH,317,3B,229,229,N,,female,2023-04-12,0.3067,0.7731,0.4664,Apr-23,No,No,
421,NCNH421_317_8,Y,N,NC,NH,317,3B,229,229,N,,female,2023-05-11,0.3118,0.7678,0.456,May-23,No,No,
421,NCNH421_317_8,Y,N,NC,NH,317,3B,229,229,N,,female,2023-06-08,0.3244,0.7699,0.4455,Jun-23,No,No,
421,NCNH421_317_8,Y,N,NC,NH,317,3B,229,229,N,,female,2023-07-06,0.3403,0.8022,0.4619,Jul-23,No,No,
421,NCNH421_317_8,Y,N,NC,NH,317,3B,229,229,N,,female,2023-08-17,0.4749,1.1017,0.6268,Aug-23,No,No,
421,NCNH421_317_8,Y,N,NC,NH,317,3B,229,229,N,,female,2023-09-18,0.605,1.4609,0.8559,Sep-23,No,No,
421,NCNH421_317_8,Y,N,NC,NH,317,3B,229,229,N,,female,2023-10-10,0.6314,1.4716,0.8402,Oct-23,No,No,
421,NCNH421_317_8,Y,N,NC,NH,317,3B,229,229,N,,female,2023-11-07,0.6533,1.5328,0.8795,Nov-23,No,No,
421,NCNH421_317_8,Y,N,NC,NH,317,3B,229,229,N,,female,2023-12-04,0.6606,1.5527,0.8921,Dec-23,No,No,
435,NCNH435_310_15,Y,N,NC,NH,310,3C,223,223,N,,male,2023-09-18,0.4618,1.0595,0.5977,Sep-23,No,Yes,2023-06-08
435,NCNH435_310_15,Y,N,NC,NH,310,3C,223,223,N,,male,2023-10-10,0.4531,1.0425,0.5894,Oct-23,No,Yes,2023-06-08
435,NCNH435_310_15,Y,N,NC,NH,310,3C,223,223,N,,male,2023-11-07,0.449,1.0299,0.5809,Nov-23,No,Yes,2023-06-08
435,NCNH435_310_15,Y,N,NC,NH,310,3C,223,223,N,,male,2023-12-04,0.4444,1.0078,0.5634,Dec-23,No,Yes,2023-06-08
423,NCNH423_317_10,Y,N,NC,NH,317,3A,286,281,N,,male,2022-10-24,0.1202,0.3145,0.1943,Oct-22,Yes,No,
423,NCNH423_317_10,Y,N,NC,NH,317,3A,286,281,N,,male,2023-01-12,0.1451,0.3704,0.2253,Jan-23,Yes,No,
423,NCNH423_317_10,Y,N,NC,NH,317,3A,286,281,N,,male,2023-02-14,0.1445,0.3729,0.2284,Feb-23,Yes,No,
423,NCNH423_317_10,Y,N,NC,NH,317,3A,286,281,N,,male,2023-03-16,0.1465,0.3736,0.2271,Mar-23,Yes,No,
423,NCNH423_317_10,Y,N,NC,NH,317,3A,286,281,N,,male,2023-04-12,0.1533,0.3852,0.2319,Apr-23,Yes,No,
423,NCNH423_317_10,Y,N,NC,NH,317,3A,286,281,N,,male,2023-05-11,0.1658,0.4193,0.2535,May-23,Yes,No,
423,NCNH423_317_10,Y,N,NC,NH,317,3A,286,281,N,,male,2023-06-08,0.2464,0.621,0.3746,Jun-23,Yes,No,
423,NCNH423_317_10,Y,N,NC,NH,317,3A,286,281,N,,male,2023-07-06,0.3254,0.8223,0.4969,Jul-23,Yes,No,
428,NHNH428_310_15,Y,N,NH,NH,310,6C,254,254,N,,female,2023-01-13,0.0399,0.1062,0.0663,Jan-23,No,Yes,2023-01-13
428,NHNH428_310_15,Y,N,NH,NH,310,6C,254,254,N,,female,2023-02-15,0.0391,0.1044,0.0653,Feb-23,No,Yes,2023-01-13
428,NHNH428_310_15,Y,N,NH,NH,310,6C,254,254,N,,female,2023-03-16,0.0391,0.106,0.0669,Mar-23,No,Yes,2023-01-13
428,NHNH428_310_15,Y,N,NH,NH,310,6C,254,254,N,,female,2023-04-12,0.0387,0.1065,0.0678,Apr-23,No,Yes,2023-01-13
428,NHNH428_310_15,Y,N,NH,NH,310,6C,254,254,N,,female,2023-05-12,0.0414,0.1091,0.0677,May-23,No,Yes,2023-01-13
428,NHNH428_310_15,Y,N,NH,NH,310,6C,254,254,N,,female,2023-06-08,0.05,0.1356,0.0856,Jun-23,No,Yes,2023-01-13
428,NHNH428_310_15,Y,N,NH,NH,310,6C,254,254,N,,female,2023-07-07,0.0965,0.2567,0.1602,Jul-23,No,Yes,2023-01-13
428,NHNH428_310_15,Y,N,NH,NH,310,6C,254,254,N,,female,2023-08-17,0.2201,0.5379,0.3178,Aug-23,No,Yes,2023-01-13
428,NHNH428_310_15,Y,N,NH,NH,310,6C,254,254,N,,female,2023-09-18,0.2628,0.624,0.3612,Sep-23,No,Yes,2023-01-13
428,NHNH428_310_15,Y,N,NH,NH,310,6C,254,254,N,,female,2023-10-10,0.266,0.6348,0.3688,Oct-23,No,Yes,2023-01-13
428,NHNH428_310_15,Y,N,NH,NH,310,6C,254,254,N,,female,2023-11-09,0.2667,0.617,0.3503,Nov-23,No,Yes,2023-01-13
428,NHNH428_310_15,Y,N,NH,NH,310,6C,254,254,N,,female,2023-12-06,0.2644,0.7294,0.465,Dec-23,No,Yes,2023-01-13
429,NHNH429_310_16,N,N,NH,NH,310,6A,,,N,2023-01-04,,2022-10-24,0.0406,0.1082,0.0676,Oct-22,No,No,
431,NHNH431_310_18,Y,N,NH,NH,310,6C,287,258,N,,female,2022-10-24,0.027,0.0716,0.0446,Oct-22,No,No,
431,NHNH431_310_18,Y,N,NH,NH,310,6C,287,258,N,,female,2023-01-14,0.0273,0.0695,0.0422,Jan-23,No,No,
431,NHNH431_310_18,Y,N,NH,NH,310,6C,287,258,N,,female,2023-02-16,0.0273,0.0702,0.0429,Feb-23,No,No,
431,NHNH431_310_18,Y,N,NH,NH,310,6C,287,258,N,,female,2023-03-17,0.0274,0.0703,0.0429,Mar-23,No,No,
431,NHNH431_310_18,Y,N,NH,NH,310,6C,287,258,N,,female,2023-04-12,0.0334,0.0932,0.0598,Apr-23,No,No,
431,NHNH431_310_18,Y,N,NH,NH,310,6C,287,258,N,,female,2023-05-12,0.029,0.0742,0.0452,May-23,No,No,
431,NHNH431_310_18,Y,N,NH,NH,310,6C,287,258,N,,female,2023-06-09,0.0411,0.1049,0.0638,Jun-23,No,No,
431,NHNH431_310_18,Y,N,NH,NH,310,6C,287,258,N,,female,2023-07-07,0.093,0.2328,0.1398,Jul-23,No,No,
431,NHNH431_310_18,Y,N,NH,NH,310,6C,287,258,N,,female,2023-09-18,0.3,0.7573,0.4573,Sep-23,No,No,
431,NHNH431_310_18,Y,N,NH,NH,310,6C,287,258,N,,female,2023-10-12,0.3434,0.805,0.4616,Oct-23,No,No,
431,NHNH431_310_18,Y,N,NH,NH,310,6C,287,258,N,,female,2023-11-10,0.3583,0.8276,0.4693,Nov-23,No,No,
431,NHNH431_310_18,Y,N,NH,NH,310,6C,287,258,N,,female,2023-12-06,0.3589,0.8257,0.4668,Dec-23,No,No,
491,NCNH491_315_90,Y,Y,NC,NH,315,3A,231,231,N,,male,2023-09-18,0.3116,0.7794,0.4678,Sep-23,No,Yes,2023-09-18
491,NCNH491_315_90,Y,Y,NC,NH,315,3A,231,231,N,,male,2023-10-10,0.3685,0.9103,0.5418,Oct-23,No,Yes,2023-09-18
491,NCNH491_315_90,Y,Y,NC,NH,315,3A,231,231,N,,male,2023-11-07,0.3907,0.9615,0.5708,Nov-23,No,Yes,2023-09-18
491,NCNH491_315_90,Y,Y,NC,NH,315,3A,231,231,N,,male,2023-12-04,0.4024,0.9625,0.5601,Dec-23,No,Yes,2023-09-18
415,NHNH415_317_9,Y,N,NH,NH,317,6C,252,252,N,,female,2023-06-08,0.0524,0.1371,0.0847,Jun-23,No,Yes,2023-06-08
415,NHNH415_317_9,Y,N,NH,NH,317,6C,252,252,N,,female,2023-07-07,0.1049,0.2682,0.1633,Jul-23,No,Yes,2023-06-08
415,NHNH415_317_9,Y,N,NH,NH,317,6C,252,252,N,,female,2023-08-17,0.2422,0.5687,0.3265,Aug-23,No,Yes,2023-06-08
406,NHNH406_311_7,N,N,NH,NH,311,6A,,260,N,2023-05-16,female,2022-10-24,0.0061,0.0159,0.0098,Oct-22,No,No,
406,NHNH406_311_7,N,N,NH,NH,311,6A,,260,N,2023-05-16,female,2023-01-13,0.0058,0.0152,0.0094,Jan-23,No,No,
406,NHNH406_311_7,N,N,NH,NH,311,6A,,260,N,2023-05-16,female,2023-02-15,0.0054,0.0152,0.0098,Feb-23,No,No,
406,NHNH406_311_7,N,N,NH,NH,311,6A,,260,N,2023-05-16,female,2023-03-16,0.0055,0.0153,0.0098,Mar-23,No,No,
406,NHNH406_311_7,N,N,NH,NH,311,6A,,260,N,2023-05-16,female,2023-04-12,0.0054,0.0151,0.0097,Apr-23,No,No,
406,NHNH406_311_7,N,N,NH,NH,311,6A,,260,N,2023-05-16,female,2023-05-12,0.0161,0.041,0.0249,May-23,No,No,
441,NCNH441_310_21,Y,N,NC,NH,310,3C,222,222,N,,female,2022-10-24,0.1066,0.2831,0.1765,Oct-22,No,No,
441,NCNH441_310_21,Y,N,NC,NH,310,3C,222,222,N,,female,2023-01-13,0.1851,0.4567,0.2716,Jan-23,No,No,
441,NCNH441_310_21,Y,N,NC,NH,310,3C,222,222,N,,female,2023-02-14,0.1893,0.4669,0.2776,Feb-23,No,No,
441,NCNH441_310_21,Y,N,NC,NH,310,3C,222,222,N,,female,2023-03-16,0.1916,0.4815,0.2899,Mar-23,No,No,
441,NCNH441_310_21,Y,N,NC,NH,310,3C,222,222,N,,female,2023-04-12,0.1899,0.4663,0.2764,Apr-23,No,No,
441,NCNH441_310_21,Y,N,NC,NH,310,3C,222,222,N,,female,2023-05-12,0.2047,0.5049,0.3002,May-23,No,No,
441,NCNH441_310_21,Y,N,NC,NH,310,3C,222,222,N,,female,2023-06-08,0.2341,0.5607,0.3266,Jun-23,No,No,
441,NCNH441_310_21,Y,N,NC,NH,310,3C,222,222,N,,female,2023-07-07,0.2967,0.703,0.4063,Jul-23,No,No,
441,NCNH441_310_21,Y,N,NC,NH,310,3C,222,222,N,,female,2023-08-17,0.3775,0.8559,0.4784,Aug-23,No,No,
441,NCNH441_310_21,Y,N,NC,NH,310,3C,222,222,N,,female,2023-09-18,0.4445,1.0379,0.5934,Sep-23,No,No,
441,NCNH441_310_21,Y,N,NC,NH,310,3C,222,222,N,,female,2023-10-12,0.4548,1.0581,0.6033,Oct-23,No,No,
441,NCNH441_310_21,Y,N,NC,NH,310,3C,222,222,N,,female,2023-11-09,0.4582,1.0465,0.5883,Nov-23,No,No,
441,NCNH441_310_21,Y,N,NC,NH,310,3C,222,222,N,,female,2023-12-06,0.4545,1.068,0.6135,Dec-23,No,No,
442,NHNC442_300_1,Y,N,NH,NC,300,6A,241,241,N,,female,2022-10-24,0.029,0.0846,0.0556,Oct-22,No,No,
442,NHNC442_300_1,Y,N,NH,NC,300,6A,241,241,N,,female,2023-01-13,0.0466,0.136,0.0894,Jan-23,No,No,
442,NHNC442_300_1,Y,N,NH,NC,300,6A,241,241,N,,female,2023-02-15,0.0459,0.1399,0.094,Feb-23,No,No,
442,NHNC442_300_1,Y,N,NH,NC,300,6A,241,241,N,,female,2023-03-16,0.0442,0.1309,0.0867,Mar-23,No,No,
442,NHNC442_300_1,Y,N,NH,NC,300,6A,241,241,N,,female,2023-04-12,0.0437,0.1277,0.084,Apr-23,No,No,
442,NHNC442_300_1,Y,N,NH,NC,300,6A,241,241,N,,female,2023-05-12,0.0473,0.1337,0.0864,May-23,No,No,
442,NHNC442_300_1,Y,N,NH,NC,300,6A,241,241,N,,female,2023-06-08,0.0568,0.1635,0.1067,Jun-23,No,No,
442,NHNC442_300_1,Y,N,NH,NC,300,6A,241,241,N,,female,2023-07-07,0.1097,0.2906,0.1809,Jul-23,No,No,
442,NHNC442_300_1,Y,N,NH,NC,300,6A,241,241,N,,female,2023-08-17,0.231,0.5406,0.3096,Aug-23,No,No,
442,NHNC442_300_1,Y,N,NH,NC,300,6A,241,241,N,,female,2023-09-18,0.2734,0.6373,0.3639,Sep-23,No,No,
442,NHNC442_300_1,Y,N,NH,NC,300,6A,241,241,N,,female,2023-10-10,0.2789,0.6494,0.3705,Oct-23,No,No,
442,NHNC442_300_1,Y,N,NH,NC,300,6A,241,241,N,,female,2023-11-10,0.2789,0.641,0.3621,Nov-23,No,No,
442,NHNC442_300_1,Y,N,NH,NC,300,6A,241,241,N,,female,2023-12-06,0.2777,0.635,0.3573,Dec-23,No,No,
446,NHNC446_300_5,Y,N,NH,NC,300,6B,242,242,N,,male,2022-10-24,0.0409,0.1124,0.0715,Oct-22,No,No,
446,NHNC446_300_5,Y,N,NH,NC,300,6B,242,242,N,,male,2023-01-14,0.056,0.1611,0.1051,Jan-23,No,No,
446,NHNC446_300_5,Y,N,NH,NC,300,6B,242,242,N,,male,2023-02-16,0.0548,0.1603,0.1055,Feb-23,No,No,
446,NHNC446_300_5,Y,N,NH,NC,300,6B,242,242,N,,male,2023-03-17,0.0539,0.1547,0.1008,Mar-23,No,No,
446,NHNC446_300_5,Y,N,NH,NC,300,6B,242,242,N,,male,2023-04-12,0.0534,0.1578,0.1044,Apr-23,No,No,
446,NHNC446_300_5,Y,N,NH,NC,300,6B,242,242,N,,male,2023-05-12,0.0525,0.1482,0.0957,May-23,No,No,
446,NHNC446_300_5,Y,N,NH,NC,300,6B,242,242,N,,male,2023-06-09,0.0578,0.1595,0.1017,Jun-23,No,No,
446,NHNC446_300_5,Y,N,NH,NC,300,6B,242,242,N,,male,2023-07-07,0.1082,0.291,0.1828,Jul-23,No,No,
446,NHNC446_300_5,Y,N,NH,NC,300,6B,242,242,N,,male,2023-08-18,0.1936,0.4584,0.2648,Aug-23,No,No,
446,NHNC446_300_5,Y,N,NH,NC,300,6B,242,242,N,,male,2023-09-18,0.2753,0.66,0.3847,Sep-23,No,No,
446,NHNC446_300_5,Y,N,NH,NC,300,6B,242,242,N,,male,2023-10-12,0.3034,0.7081,0.4047,Oct-23,No,No,
446,NHNC446_300_5,Y,N,NH,NC,300,6B,242,242,N,,male,2023-11-10,0.3139,0.7117,0.3978,Nov-23,No,No,
446,NHNC446_300_5,Y,N,NH,NC,300,6B,242,242,N,,male,2023-12-06,0.311,0.7119,0.4009,Dec-23,No,No,
449,NCNC449_300_1,Y,N,NC,NC,300,3A,206,206,N,,female,2022-10-24,0.173,0.4765,0.3035,Oct-22,No,No,
449,NCNC449_300_1,Y,N,NC,NC,300,3A,206,206,N,,female,2023-01-12,0.3286,0.8148,0.4862,Jan-23,No,No,
449,NCNC449_300_1,Y,N,NC,NC,300,3A,206,206,N,,female,2023-02-14,0.3349,0.8082,0.4733,Feb-23,No,No,
449,NCNC449_300_1,Y,N,NC,NC,300,3A,206,206,N,,female,2023-03-16,0.3378,0.835,0.4972,Mar-23,No,No,
449,NCNC449_300_1,Y,N,NC,NC,300,3A,206,206,N,,female,2023-04-12,0.3526,0.8485,0.4959,Apr-23,No,No,
449,NCNC449_300_1,Y,N,NC,NC,300,3A,206,206,N,,female,2023-05-11,0.3637,0.8605,0.4968,May-23,No,No,
449,NCNC449_300_1,Y,N,NC,NC,300,3A,206,206,N,,female,2023-06-08,0.3779,0.8733,0.4954,Jun-23,No,No,
449,NCNC449_300_1,Y,N,NC,NC,300,3A,206,206,N,,female,2023-07-06,0.3846,0.8609,0.4763,Jul-23,No,No,
449,NCNC449_300_1,Y,N,NC,NC,300,3A,206,206,N,,female,2023-08-17,0.3913,0.8542,0.4629,Aug-23,No,No,
449,NCNC449_300_1,Y,N,NC,NC,300,3A,206,206,N,,female,2023-09-18,0.399,0.8936,0.4946,Sep-23,No,No,
449,NCNC449_300_1,Y,N,NC,NC,300,3A,206,206,N,,female,2023-10-10,0.4494,1.0158,0.5664,Oct-23,No,No,
449,NCNC449_300_1,Y,N,NC,NC,300,3A,206,206,N,,female,2023-11-07,0.4837,1.088,0.6043,Nov-23,No,No,
449,NCNC449_300_1,Y,N,NC,NC,300,3A,206,206,N,,female,2023-12-04,0.4912,1.0883,0.5971,Dec-23,No,No,
453,NCNC453_300_5,Y,N,NC,NC,300,3B,216,216,N,,male,2022-10-24,0.1316,0.3448,0.2132,Oct-22,No,No,
453,NCNC453_300_5,Y,N,NC,NC,300,3B,216,216,N,,male,2023-01-12,0.2167,0.5255,0.3088,Jan-23,No,No,
453,NCNC453_300_5,Y,N,NC,NC,300,3B,216,216,N,,male,2023-02-14,0.2195,0.5386,0.3191,Feb-23,No,No,
453,NCNC453_300_5,Y,N,NC,NC,300,3B,216,216,N,,male,2023-03-16,0.2246,0.5469,0.3223,Mar-23,No,No,
453,NCNC453_300_5,Y,N,NC,NC,300,3B,216,216,N,,male,2023-04-12,0.2327,0.5573,0.3246,Apr-23,No,No,
453,NCNC453_300_5,Y,N,NC,NC,300,3B,216,216,N,,male,2023-05-11,0.2483,0.5897,0.3414,May-23,No,No,
453,NCNC453_300_5,Y,N,NC,NC,300,3B,216,216,N,,male,2023-06-08,0.2577,0.603,0.3453,Jun-23,No,No,
453,NCNC453_300_5,Y,N,NC,NC,300,3B,216,216,N,,male,2023-07-06,0.2657,0.6106,0.3449,Jul-23,No,No,
453,NCNC453_300_5,Y,N,NC,NC,300,3B,216,216,N,,male,2023-08-17,0.2735,0.6095,0.336,Aug-23,No,No,
453,NCNC453_300_5,Y,N,NC,NC,300,3B,216,216,N,,male,2023-09-18,0.3551,0.8384,0.4833,Sep-23,No,No,
453,NCNC453_300_5,Y,N,NC,NC,300,3B,216,216,N,,male,2023-10-12,0.4323,0.9903,0.558,Oct-23,No,No,
453,NCNC453_300_5,Y,N,NC,NC,300,3B,216,216,N,,male,2023-11-09,0.456,1.0367,0.5807,Nov-23,No,No,
453,NCNC453_300_5,Y,N,NC,NC,300,3B,216,216,N,,male,2023-12-04,0.4613,1.0454,0.5841,Dec-23,No,No,
456,NHNC456_301_8,Y,N,NH,NC,301,6B,244,244,N,,female,2022-10-24,0.039,0.1138,0.0748,Oct-22,No,No,
456,NHNC456_301_8,Y,N,NH,NC,301,6B,244,244,N,,female,2023-01-14,0.0619,0.1793,0.1174,Jan-23,No,No,
456,NHNC456_301_8,Y,N,NH,NC,301,6B,244,244,N,,female,2023-02-16,0.0606,0.1682,0.1076,Feb-23,No,No,
456,NHNC456_301_8,Y,N,NH,NC,301,6B,244,244,N,,female,2023-03-17,0.059,0.1785,0.1195,Mar-23,No,No,
456,NHNC456_301_8,Y,N,NH,NC,301,6B,244,244,N,,female,2023-04-12,0.0613,0.1792,0.1179,Apr-23,No,No,
456,NHNC456_301_8,Y,N,NH,NC,301,6B,244,244,N,,female,2023-05-12,0.0702,0.1926,0.1224,May-23,No,No,
456,NHNC456_301_8,Y,N,NH,NC,301,6B,244,244,N,,female,2023-06-09,0.0882,0.2502,0.162,Jun-23,No,No,
456,NHNC456_301_8,Y,N,NH,NC,301,6B,244,244,N,,female,2023-07-07,0.1545,0.3764,0.2219,Jul-23,No,No,
456,NHNC456_301_8,Y,N,NH,NC,301,6B,244,244,N,,female,2023-08-18,0.2148,0.4808,0.266,Aug-23,No,No,
456,NHNC456_301_8,Y,N,NH,NC,301,6B,244,244,N,,female,2023-09-18,0.2635,0.6015,0.338,Sep-23,No,No,
456,NHNC456_301_8,Y,N,NH,NC,301,6B,244,244,N,,female,2023-10-12,0.2876,0.6549,0.3673,Oct-23,No,No,
456,NHNC456_301_8,Y,N,NH,NC,301,6B,244,244,N,,female,2023-11-10,0.3007,0.6502,0.3495,Nov-23,No,No,
456,NHNC456_301_8,Y,N,NH,NC,301,6B,244,244,N,,female,2023-12-06,0.3006,0.6553,0.3547,Dec-23,No,No,
461,NHNC461_301_92,Y,Y,NH,NC,301,6A,246,246,N,,male,2022-10-24,0.0508,0.139,0.0882,Oct-22,No,No,
461,NHNC461_301_92,Y,Y,NH,NC,301,6A,246,246,N,,male,2023-01-13,0.0655,0.1762,0.1107,Jan-23,No,No,
461,NHNC461_301_92,Y,Y,NH,NC,301,6A,246,246,N,,male,2023-02-15,0.0642,0.1651,0.1009,Feb-23,No,No,
461,NHNC461_301_92,Y,Y,NH,NC,301,6A,246,246,N,,male,2023-03-16,0.0635,0.1688,0.1053,Mar-23,No,No,
461,NHNC461_301_92,Y,Y,NH,NC,301,6A,246,246,N,,male,2023-04-12,0.0635,0.1727,0.1092,Apr-23,No,No,
461,NHNC461_301_92,Y,Y,NH,NC,301,6A,246,246,N,,male,2023-05-12,0.0615,0.1639,0.1024,May-23,No,No,
461,NHNC461_301_92,Y,Y,NH,NC,301,6A,246,246,N,,male,2023-06-08,0.0622,0.162,0.0998,Jun-23,No,No,
461,NHNC461_301_92,Y,Y,NH,NC,301,6A,246,246,N,,male,2023-07-07,0.0906,0.2253,0.1347,Jul-23,No,No,
461,NHNC461_301_92,Y,Y,NH,NC,301,6A,246,246,N,,male,2023-08-17,0.1799,0.4044,0.2245,Aug-23,No,No,
461,NHNC461_301_92,Y,Y,NH,NC,301,6A,246,246,N,,male,2023-09-18,0.248,0.5627,0.3147,Sep-23,No,No,
461,NHNC461_301_92,Y,Y,NH,NC,301,6A,246,246,N,,male,2023-10-10,0.2779,0.6289,0.351,Oct-23,No,No,
461,NHNC461_301_92,Y,Y,NH,NC,301,6A,246,246,N,,male,2023-11-10,0.2924,0.647,0.3546,Nov-23,No,No,
461,NHNC461_301_92,Y,Y,NH,NC,301,6A,246,246,N,,male,2023-12-06,0.2932,0.6368,0.3436,Dec-23,No,No,
463,NCNC463_301_8,Y,N,NC,NC,301,3B,208,208,N,,female,2022-10-24,0.1167,0.3274,0.2107,Oct-22,No,No,
463,NCNC463_301_8,Y,N,NC,NC,301,3B,208,208,N,,female,2023-01-12,0.2373,0.6213,0.384,Jan-23,No,No,
463,NCNC463_301_8,Y,N,NC,NC,301,3B,208,208,N,,female,2023-02-14,0.2477,0.6366,0.3889,Feb-23,No,No,
463,NCNC463_301_8,Y,N,NC,NC,301,3B,208,208,N,,female,2023-03-16,0.2571,0.6474,0.3903,Mar-23,No,No,
463,NCNC463_301_8,Y,N,NC,NC,301,3B,208,208,N,,female,2023-04-12,0.2644,0.6591,0.3947,Apr-23,No,No,
463,NCNC463_301_8,Y,N,NC,NC,301,3B,208,208,N,,female,2023-05-11,0.2852,0.6863,0.4011,May-23,No,No,
463,NCNC463_301_8,Y,N,NC,NC,301,3B,208,208,N,,female,2023-06-08,0.2867,0.6765,0.3898,Jun-23,No,No,
463,NCNC463_301_8,Y,N,NC,NC,301,3B,208,208,N,,female,2023-07-06,0.2957,0.6744,0.3787,Jul-23,No,No,
463,NCNC463_301_8,Y,N,NC,NC,301,3B,208,208,N,,female,2023-08-17,0.3001,0.6769,0.3768,Aug-23,No,No,
463,NCNC463_301_8,Y,N,NC,NC,301,3B,208,208,N,,female,2023-09-18,0.3174,0.73622,0.41882,Sep-23,No,No,
463,NCNC463_301_8,Y,N,NC,NC,301,3B,208,208,N,,female,2023-10-12,0.3418,0.8307,0.4889,Oct-23,No,No,
463,NCNC463_301_8,Y,N,NC,NC,301,3B,208,208,N,,female,2023-11-09,0.3704,0.8435,0.4731,Nov-23,No,No,
463,NCNC463_301_8,Y,N,NC,NC,301,3B,208,208,N,,female,2023-12-04,0.3669,0.8386,0.4717,Dec-23,No,No,
465,NCNC465_301_10,Y,N,NC,NC,301,3A,209,209,N,,female,2022-10-24,0.1726,0.4808,0.3082,Oct-22,No,No,
465,NCNC465_301_10,Y,N,NC,NC,301,3A,209,209,N,,female,2023-01-12,0.3135,0.7648,0.4513,Jan-23,No,No,
465,NCNC465_301_10,Y,N,NC,NC,301,3A,209,209,N,,female,2023-02-14,0.3156,0.7827,0.4671,Feb-23,No,No,
465,NCNC465_301_10,Y,N,NC,NC,301,3A,209,209,N,,female,2023-03-16,0.3174,0.8023,0.4849,Mar-23,No,No,
465,NCNC465_301_10,Y,N,NC,NC,301,3A,209,209,N,,female,2023-04-12,0.3272,0.8103,0.4831,Apr-23,No,No,
465,NCNC465_301_10,Y,N,NC,NC,301,3A,209,209,N,,female,2023-05-11,0.3247,0.7919,0.4672,May-23,No,No,
465,NCNC465_301_10,Y,N,NC,NC,301,3A,209,209,N,,female,2023-06-08,0.3262,0.7707,0.4445,Jun-23,No,No,
465,NCNC465_301_10,Y,N,NC,NC,301,3A,209,209,N,,female,2023-07-06,0.3359,0.7927,0.4568,Jul-23,No,No,
465,NCNC465_301_10,Y,N,NC,NC,301,3A,209,209,N,,female,2023-08-17,0.3524,0.8008,0.4484,Aug-23,No,No,
465,NCNC465_301_10,Y,N,NC,NC,301,3A,209,209,N,,female,2023-09-18,0.3708,0.8542,0.4834,Sep-23,No,No,
465,NCNC465_301_10,Y,N,NC,NC,301,3A,209,209,N,,female,2023-10-10,0.4109,0.9447,0.5338,Oct-23,No,No,
465,NCNC465_301_10,Y,N,NC,NC,301,3A,209,209,N,,female,2023-11-07,0.4376,1.0056,0.568,Nov-23,No,No,
465,NCNC465_301_10,Y,N,NC,NC,301,3A,209,209,N,,female,2023-12-04,0.458,1.045,0.587,Dec-23,No,No,
474,NHNC474_304_90,Y,Y,NH,NC,304,6A,267,267,N,,female,2022-10-24,0.0487,0.1365,0.0878,Oct-22,No,No,
474,NHNC474_304_90,Y,Y,NH,NC,304,6A,267,267,N,,female,2023-01-13,0.0749,0.1987,0.1238,Jan-23,No,No,
474,NHNC474_304_90,Y,Y,NH,NC,304,6A,267,267,N,,female,2023-02-15,0.0741,0.2044,0.1303,Feb-23,No,No,
474,NHNC474_304_90,Y,Y,NH,NC,304,6A,267,267,N,,female,2023-03-16,0.0734,0.2075,0.1341,Mar-23,No,No,
474,NHNC474_304_90,Y,Y,NH,NC,304,6A,267,267,N,,female,2023-04-12,0.0739,0.207,0.1331,Apr-23,No,No,
474,NHNC474_304_90,Y,Y,NH,NC,304,6A,267,267,N,,female,2023-05-12,0.0812,0.216,0.1348,May-23,No,No,
474,NHNC474_304_90,Y,Y,NH,NC,304,6A,267,267,N,,female,2023-06-08,0.1044,0.2734,0.169,Jun-23,No,No,
474,NHNC474_304_90,Y,Y,NH,NC,304,6A,267,267,N,,female,2023-07-07,0.1804,0.4452,0.2648,Jul-23,No,No,
474,NHNC474_304_90,Y,Y,NH,NC,304,6A,267,267,N,,female,2023-08-17,0.3489,0.7734,0.4245,Aug-23,No,No,
474,NHNC474_304_90,Y,Y,NH,NC,304,6A,267,267,N,,female,2023-09-18,0.4219,0.9661,0.5442,Sep-23,No,No,
474,NHNC474_304_90,Y,Y,NH,NC,304,6A,267,267,N,,female,2023-10-10,0.4374,0.9943,0.5569,Oct-23,No,No,
474,NHNC474_304_90,Y,Y,NH,NC,304,6A,267,267,N,,female,2023-11-10,0.4549,1.0202,0.5653,Nov-23,No,No,
474,NHNC474_304_90,Y,Y,NH,NC,304,6A,267,267,N,,female,2023-12-06,0.4586,1.0185,0.5599,Dec-23,No,No,
476,NHNC476_304_21,Y,N,NH,NC,304,6C,241,241,N,,male,2022-10-24,0.0416,0.1202,0.0786,Oct-22,No,No,
476,NHNC476_304_21,Y,N,NH,NC,304,6C,241,241,N,,male,2023-01-14,0.059,0.164,0.105,Jan-23,No,No,
476,NHNC476_304_21,Y,N,NH,NC,304,6C,241,241,N,,male,2023-02-16,0.058,0.161,0.103,Feb-23,No,No,
476,NHNC476_304_21,Y,N,NH,NC,304,6C,241,241,N,,male,2023-03-17,0.0578,0.1585,0.1007,Mar-23,No,No,
476,NHNC476_304_21,Y,N,NH,NC,304,6C,241,241,N,,male,2023-04-12,0.06,0.1641,0.1041,Apr-23,No,No,
476,NHNC476_304_21,Y,N,NH,NC,304,6C,241,241,N,,male,2023-05-12,0.0676,0.1795,0.1119,May-23,No,No,
476,NHNC476_304_21,Y,N,NH,NC,304,6C,241,241,N,,male,2023-06-09,0.0887,0.2288,0.1401,Jun-23,No,No,
476,NHNC476_304_21,Y,N,NH,NC,304,6C,241,241,N,,male,2023-07-07,0.1481,0.3598,0.2117,Jul-23,No,No,
476,NHNC476_304_21,Y,N,NH,NC,304,6C,241,241,N,,male,2023-08-18,0.2895,0.6535,0.364,Aug-23,No,No,
476,NHNC476_304_21,Y,N,NH,NC,304,6C,241,241,N,,male,2023-09-18,0.3298,0.7561,0.4263,Sep-23,No,No,
476,NHNC476_304_21,Y,N,NH,NC,304,6C,241,241,N,,male,2023-10-12,0.3414,0.7849,0.4435,Oct-23,No,No,
476,NHNC476_304_21,Y,N,NH,NC,304,6C,241,241,N,,male,2023-11-10,0.3443,0.7756,0.4313,Nov-23,No,No,
476,NHNC476_304_21,Y,N,NH,NC,304,6C,241,241,N,,male,2023-12-06,0.3473,0.7789,0.4316,Dec-23,No,No,
477,NCNC477_304_15,Y,N,NC,NC,304,3C,212,212,N,,male,2022-10-24,0.1113,0.2892,0.1779,Oct-22,No,No,
477,NCNC477_304_15,Y,N,NC,NC,304,3C,212,212,N,,male,2023-01-13,0.1792,0.4262,0.247,Jan-23,No,No,
477,NCNC477_304_15,Y,N,NC,NC,304,3C,212,212,N,,male,2023-02-14,0.182,0.4339,0.2519,Feb-23,No,No,
477,NCNC477_304_15,Y,N,NC,NC,304,3C,212,212,N,,male,2023-03-16,0.1845,0.4431,0.2586,Mar-23,No,No,
477,NCNC477_304_15,Y,N,NC,NC,304,3C,212,212,N,,male,2023-04-12,0.1922,0.4547,0.2625,Apr-23,No,No,
477,NCNC477_304_15,Y,N,NC,NC,304,3C,212,212,N,,male,2023-05-12,0.1958,0.4606,0.2648,May-23,No,No,
477,NCNC477_304_15,Y,N,NC,NC,304,3C,212,212,N,,male,2023-06-08,0.1986,0.4543,0.2557,Jun-23,No,No,
477,NCNC477_304_15,Y,N,NC,NC,304,3C,212,212,N,,male,2023-07-07,0.2126,0.48,0.2674,Jul-23,No,No,
477,NCNC477_304_15,Y,N,NC,NC,304,3C,212,212,N,,male,2023-08-17,0.2917,0.6524,0.3607,Aug-23,No,No,
477,NCNC477_304_15,Y,N,NC,NC,304,3C,212,212,N,,male,2023-10-12,0.4862,1.1108,0.6246,Oct-23,No,No,
477,NCNC477_304_15,Y,N,NC,NC,304,3C,212,212,N,,male,2023-11-09,0.5061,1.1204,0.6143,Nov-23,No,No,
477,NCNC477_304_15,Y,N,NC,NC,304,3C,212,212,N,,male,2023-12-06,0.5,1.121,0.621,Dec-23,No,No,
479,NCNC479_304_17,Y,N,NC,NC,304,3B,213,213,N,,female,2022-10-24,0.1477,0.4277,0.28,Oct-22,No,No,
479,NCNC479_304_17,Y,N,NC,NC,304,3B,213,213,N,,female,2023-01-12,0.2785,0.7053,0.4268,Jan-23,No,No,
479,NCNC479_304_17,Y,N,NC,NC,304,3B,213,213,N,,female,2023-02-14,0.2892,0.7317,0.4425,Feb-23,No,No,
479,NCNC479_304_17,Y,N,NC,NC,304,3B,213,213,N,,female,2023-03-16,0.2967,0.7432,0.4465,Mar-23,No,No,
479,NCNC479_304_17,Y,N,NC,NC,304,3B,213,213,N,,female,2023-04-12,0.2949,0.7301,0.4352,Apr-23,No,No,
479,NCNC479_304_17,Y,N,NC,NC,304,3B,213,213,N,,female,2023-05-11,0.3127,0.7687,0.456,May-23,No,No,
479,NCNC479_304_17,Y,N,NC,NC,304,3B,213,213,N,,female,2023-06-08,0.313,0.748,0.435,Jun-23,No,No,
479,NCNC479_304_17,Y,N,NC,NC,304,3B,213,213,N,,female,2023-07-06,0.3206,0.7308,0.4102,Jul-23,No,No,
479,NCNC479_304_17,Y,N,NC,NC,304,3B,213,213,N,,female,2023-08-17,0.3258,0.7428,0.417,Aug-23,No,No,
479,NCNC479_304_17,Y,N,NC,NC,304,3B,213,213,N,,female,2023-09-18,0.3262,0.7777,0.4515,Sep-23,No,No,
479,NCNC479_304_17,Y,N,NC,NC,304,3B,213,213,N,,female,2023-10-10,0.3724,0.8925,0.5201,Oct-23,No,No,
479,NCNC479_304_17,Y,N,NC,NC,304,3B,213,213,N,,female,2023-11-07,0.4656,1.0973,0.6317,Nov-23,No,No,
479,NCNC479_304_17,Y,N,NC,NC,304,3B,213,213,N,,female,2023-12-04,0.5029,1.1797,0.6768,Dec-23,No,No,
485,NHNH485_315_23,N,N,NH,NH,315,6B,259,259,N,2023-06-06,immature,2022-10-24,0.0183,0.0481,0.0298,Oct-22,No,No,
485,NHNH485_315_23,N,N,NH,NH,315,6B,259,259,N,2023-06-06,immature,2023-01-13,0.0179,0.0463,0.0284,Jan-23,No,No,
485,NHNH485_315_23,N,N,NH,NH,315,6B,259,259,N,2023-06-06,immature,2023-02-15,0.0172,0.0441,0.0269,Feb-23,No,No,
485,NHNH485_315_23,N,N,NH,NH,315,6B,259,259,N,2023-06-06,immature,2023-03-16,0.0167,0.044,0.0273,Mar-23,No,No,
485,NHNH485_315_23,N,N,NH,NH,315,6B,259,259,N,2023-06-06,immature,2023-04-12,0.0167,0.0452,0.0285,Apr-23,No,No,
485,NHNH485_315_23,N,N,NH,NH,315,6B,259,259,N,2023-06-06,immature,2023-05-12,0.0162,0.0435,0.0273,May-23,No,No,
486,NHNH486_315_24,Y,N,NH,NH,315,6C,250,250,N,,male,2022-10-24,0.051,0.1423,0.0913,Oct-22,No,No,
486,NHNH486_315_24,Y,N,NH,NH,315,6C,250,250,N,,male,2023-01-14,0.0538,0.14,0.0862,Jan-23,No,No,
486,NHNH486_315_24,Y,N,NH,NH,315,6C,250,250,N,,male,2023-02-16,0.0531,0.1422,0.0891,Feb-23,No,No,
486,NHNH486_315_24,Y,N,NH,NH,315,6C,250,250,N,,male,2023-03-17,0.0526,0.1405,0.0879,Mar-23,No,No,
486,NHNH486_315_24,Y,N,NH,NH,315,6C,250,250,N,,male,2023-04-12,0.0531,0.1436,0.0905,Apr-23,No,No,
486,NHNH486_315_24,Y,N,NH,NH,315,6C,250,250,N,,male,2023-05-12,0.0529,0.138,0.0851,May-23,No,No,
486,NHNH486_315_24,Y,N,NH,NH,315,6C,250,250,N,,male,2023-06-09,0.0652,0.1732,0.108,Jun-23,No,No,
486,NHNH486_315_24,Y,N,NH,NH,315,6C,250,250,N,,male,2023-07-07,0.1197,0.3124,0.1927,Jul-23,No,No,
486,NHNH486_315_24,Y,N,NH,NH,315,6C,250,250,N,,male,2023-08-18,0.2163,0.5108,0.2945,Aug-23,No,No,
486,NHNH486_315_24,Y,N,NH,NH,315,6C,250,250,N,,male,2023-09-18,0.2692,0.6594,0.3902,Sep-23,No,No,
486,NHNH486_315_24,Y,N,NH,NH,315,6C,250,250,N,,male,2023-10-12,0.2772,0.6728,0.3956,Oct-23,No,No,
486,NHNH486_315_24,Y,N,NH,NH,315,6C,250,250,N,,male,2023-11-10,0.2766,0.6423,0.3657,Nov-23,No,No,
486,NHNH486_315_24,Y,N,NH,NH,315,6C,250,250,N,,male,2023-12-06,0.2763,0.6494,0.3731,Dec-23,No,No,
487,NHNH487_315_25,Y,N,NH,NH,315,6A,256,256,N,,female,2022-10-24,0.0532,0.1446,0.0914,Oct-22,No,No,
487,NHNH487_315_25,Y,N,NH,NH,315,6A,256,256,N,,female,2023-01-13,0.0594,0.151,0.0916,Jan-23,No,No,
487,NHNH487_315_25,Y,N,NH,NH,315,6A,256,256,N,,female,2023-02-15,0.0582,0.1484,0.0902,Feb-23,No,No,
487,NHNH487_315_25,Y,N,NH,NH,315,6A,256,256,N,,female,2023-03-16,0.0577,0.15,0.0923,Mar-23,No,No,
487,NHNH487_315_25,Y,N,NH,NH,315,6A,256,256,N,,female,2023-04-12,0.0573,0.1484,0.0911,Apr-23,No,No,
487,NHNH487_315_25,Y,N,NH,NH,315,6A,256,256,N,,female,2023-05-12,0.0588,0.1526,0.0938,May-23,No,No,
487,NHNH487_315_25,Y,N,NH,NH,315,6A,256,256,N,,female,2023-06-08,0.0597,0.1541,0.0944,Jun-23,No,No,
487,NHNH487_315_25,Y,N,NH,NH,315,6A,256,256,N,,female,2023-07-07,0.1089,0.2786,0.1697,Jul-23,No,No,
487,NHNH487_315_25,Y,N,NH,NH,315,6A,256,256,N,,female,2023-08-17,0.2406,0.6017,0.3611,Aug-23,No,No,
487,NHNH487_315_25,Y,N,NH,NH,315,6A,256,256,N,,female,2023-09-18,0.353,0.8714,0.5184,Sep-23,No,No,
487,NHNH487_315_25,Y,N,NH,NH,315,6A,256,256,N,,female,2023-10-10,0.3731,0.8985,0.5254,Oct-23,No,No,
487,NHNH487_315_25,Y,N,NH,NH,315,6A,256,256,N,,female,2023-11-09,0.3846,0.8864,0.5018,Nov-23,No,No,
487,NHNH487_315_25,Y,N,NH,NH,315,6A,256,256,N,,female,2023-12-06,0.3803,0.8863,0.506,Dec-23,No,No,
490,NHNH490_315_28,N,N,NH,NH,315,6A,,257,N,2023-06-06,female,2022-10-24,0.0328,0.0875,0.0547,Oct-22,No,No,
490,NHNH490_315_28,N,N,NH,NH,315,6A,,257,N,2023-06-06,female,2023-01-13,0.0322,0.085,0.0528,Jan-23,No,No,
490,NHNH490_315_28,N,N,NH,NH,315,6A,,257,N,2023-06-06,female,2023-02-15,0.0318,0.0839,0.0521,Feb-23,No,No,
490,NHNH490_315_28,N,N,NH,NH,315,6A,,257,N,2023-06-06,female,2023-03-16,0.031,0.0837,0.0527,Mar-23,No,No,
490,NHNH490_315_28,N,N,NH,NH,315,6A,,257,N,2023-06-06,female,2023-04-12,0.0303,0.0837,0.0534,Apr-23,No,No,
490,NHNH490_315_28,N,N,NH,NH,315,6A,,257,N,2023-06-06,female,2023-05-12,0.0289,0.0777,0.0488,May-23,No,No,
415,NHNH415_317_9,Y,N,NH,NH,317,6C,252,252,N,,female,2023-09-18,0.336,0.8332,0.4972,Sep-23,No,Yes,2023-06-08
415,NHNH415_317_9,Y,N,NH,NH,317,6C,252,252,N,,female,2023-10-10,0.3674,0.8707,0.5033,Oct-23,No,Yes,2023-06-08
415,NHNH415_317_9,Y,N,NH,NH,317,6C,252,252,N,,female,2023-11-09,0.375,0.8724,0.4974,Nov-23,No,Yes,2023-06-08
415,NHNH415_317_9,Y,N,NH,NH,317,6C,252,252,N,,female,2023-12-06,0.3764,0.8678,0.4914,Dec-23,No,Yes,2023-06-08
493,NCNH493_315_24,Y,N,NC,NH,315,3C,228,228,N,,female,2022-10-24,0.1153,0.3064,0.1911,Oct-22,No,No,
493,NCNH493_315_24,Y,N,NC,NH,315,3C,228,228,N,,female,2023-01-12,0.2216,0.5558,0.3342,Jan-23,No,No,
493,NCNH493_315_24,Y,N,NC,NH,315,3C,228,228,N,,female,2023-02-14,0.2233,0.5705,0.3472,Feb-23,No,No,
493,NCNH493_315_24,Y,N,NC,NH,315,3C,228,228,N,,female,2023-03-16,0.225,0.5701,0.3451,Mar-23,No,No,
493,NCNH493_315_24,Y,N,NC,NH,315,3C,228,228,N,,female,2023-04-12,0.2408,0.6024,0.3616,Apr-23,No,No,
493,NCNH493_315_24,Y,N,NC,NH,315,3C,228,228,N,,female,2023-05-11,0.2672,0.6679,0.4007,May-23,No,No,
493,NCNH493_315_24,Y,N,NC,NH,315,3C,228,228,N,,female,2023-06-08,0.2841,0.7493,0.4652,Jun-23,No,No,
493,NCNH493_315_24,Y,N,NC,NH,315,3C,228,228,N,,female,2023-07-06,0.4353,1.0657,0.6304,Jul-23,No,No,
493,NCNH493_315_24,Y,N,NC,NH,315,3C,228,228,N,,female,2023-08-17,0.5328,1.2279,0.6951,Aug-23,No,No,
493,NCNH493_315_24,Y,N,NC,NH,315,3C,228,228,N,,female,2023-09-18,0.5137,1.3058,0.7921,Sep-23,No,No,
493,NCNH493_315_24,Y,N,NC,NH,315,3C,228,228,N,,female,2023-10-12,0.6207,1.4244,0.8037,Oct-23,No,No,
493,NCNH493_315_24,Y,N,NC,NH,315,3C,228,228,N,,female,2023-11-09,0.596,1.4679,0.8719,Nov-23,No,No,
493,NCNH493_315_24,Y,N,NC,NH,315,3C,228,228,N,,female,2023-12-04,0.646,1.4613,0.8153,Dec-23,No,No,
494,NCNH494_315_25,Y,N,NC,NH,315,3A,261,283,N,,male,2022-10-24,0.097,0.2913,0.1943,Oct-22,Yes,No,
494,NCNH494_315_25,Y,N,NC,NH,315,3A,261,283,N,,male,2023-01-12,0.1708,0.4454,0.2746,Jan-23,Yes,No,
494,NCNH494_315_25,Y,N,NC,NH,315,3A,261,283,N,,male,2023-02-14,0.1722,0.4537,0.2815,Feb-23,Yes,No,
494,NCNH494_315_25,Y,N,NC,NH,315,3A,261,283,N,,male,2023-03-16,0.172,0.4603,0.2883,Mar-23,Yes,No,
494,NCNH494_315_25,Y,N,NC,NH,315,3A,261,283,N,,male,2023-04-12,0.1785,0.4701,0.2916,Apr-23,Yes,No,
494,NCNH494_315_25,Y,N,NC,NH,315,3A,261,283,N,,male,2023-05-11,0.2034,0.5153,0.3119,May-23,Yes,No,
494,NCNH494_315_25,Y,N,NC,NH,315,3A,261,283,N,,male,2023-06-08,0.2681,0.6711,0.403,Jun-23,Yes,No,
494,NCNH494_315_25,Y,N,NC,NH,315,3A,261,283,N,,male,2023-07-06,0.357,0.8751,0.5181,Jul-23,Yes,No,
498,NHNH498_313_29,Y,N,NH,NH,313,6B,258,258,N,,female,2023-06-08,0.0452,0.1286,0.0834,Jun-23,No,Yes,2023-06-08
498,NHNH498_313_29,Y,N,NH,NH,313,6B,258,258,N,,female,2023-07-07,0.0942,0.2705,0.1763,Jul-23,No,Yes,2023-06-08
498,NHNH498_313_29,Y,N,NH,NH,313,6B,258,258,N,,female,2023-08-17,0.2419,0.5801,0.3382,Aug-23,No,Yes,2023-06-08
498,NHNH498_313_29,Y,N,NH,NH,313,6B,258,258,N,,female,2023-09-18,0.2932,0.7144,0.4212,Sep-23,No,Yes,2023-06-08
498,NHNH498_313_29,Y,N,NH,NH,313,6B,258,258,N,,female,2023-10-10,0.3006,0.7136,0.413,Oct-23,No,Yes,2023-06-08
498,NHNH498_313_29,Y,N,NH,NH,313,6B,258,258,N,,female,2023-11-10,0.3027,0.6974,0.3947,Nov-23,No,Yes,2023-06-08
498,NHNH498_313_29,Y,N,NH,NH,313,6B,258,258,N,,female,2023-12-06,0.3012,0.69,0.3888,Dec-23,No,Yes,2023-06-08
499,NHNH499_313_30,Y,N,NH,NH,313,6C,252,252,N,,male,2022-10-24,0.0465,0.1237,0.0772,Oct-22,No,No,
499,NHNH499_313_30,Y,N,NH,NH,313,6C,252,252,N,,male,2023-01-14,0.0476,0.1242,0.0766,Jan-23,No,No,
499,NHNH499_313_30,Y,N,NH,NH,313,6C,252,252,N,,male,2023-02-16,0.0464,0.1227,0.0763,Feb-23,No,No,
499,NHNH499_313_30,Y,N,NH,NH,313,6C,252,252,N,,male,2023-03-17,0.0462,0.1229,0.0767,Mar-23,No,No,
499,NHNH499_313_30,Y,N,NH,NH,313,6C,252,252,N,,male,2023-04-12,0.0469,0.1239,0.077,Apr-23,No,No,
499,NHNH499_313_30,Y,N,NH,NH,313,6C,252,252,N,,male,2023-05-12,0.0479,0.1225,0.0746,May-23,No,No,
499,NHNH499_313_30,Y,N,NH,NH,313,6C,252,252,N,,male,2023-06-09,0.0586,0.147,0.0884,Jun-23,No,No,
499,NHNH499_313_30,Y,N,NH,NH,313,6C,252,252,N,,male,2023-07-07,0.1032,0.2719,0.1687,Jul-23,No,No,
499,NHNH499_313_30,Y,N,NH,NH,313,6C,252,252,N,,male,2023-08-18,0.2093,0.5011,0.2918,Aug-23,No,No,
499,NHNH499_313_30,Y,N,NH,NH,313,6C,252,252,N,,male,2023-09-18,0.2346,0.5595,0.3249,Sep-23,No,No,
499,NHNH499_313_30,Y,N,NH,NH,313,6C,252,252,N,,male,2023-10-12,0.2353,0.5662,0.3309,Oct-23,No,No,
499,NHNH499_313_30,Y,N,NH,NH,313,6C,252,252,N,,male,2023-11-10,0.2362,0.5468,0.3106,Nov-23,No,No,
499,NHNH499_313_30,Y,N,NH,NH,313,6C,252,252,N,,male,2023-12-06,0.2342,0.5458,0.3116,Dec-23,No,No,
700,NHNH700_313_31,Y,N,NH,NH,313,6A,251,251,N,,male,2023-06-08,0.05,0.1329,0.0829,Jun-23,No,Yes,2023-06-08
700,NHNH700_313_31,Y,N,NH,NH,313,6A,251,251,N,,male,2023-07-07,0.0874,0.2296,0.1422,Jul-23,No,Yes,2023-06-08
700,NHNH700_313_31,Y,N,NH,NH,313,6A,251,251,N,,male,2023-08-17,0.1905,0.4794,0.2889,Aug-23,No,Yes,2023-06-08
700,NHNH700_313_31,Y,N,NH,NH,313,6A,251,251,N,,male,2023-09-18,0.2862,0.7097,0.4235,Sep-23,No,Yes,2023-06-08
700,NHNH700_313_31,Y,N,NH,NH,313,6A,251,251,N,,male,2023-10-10,0.3163,0.7823,0.466,Oct-23,No,Yes,2023-06-08
700,NHNH700_313_31,Y,N,NH,NH,313,6A,251,251,N,,male,2023-11-10,0.3274,0.7915,0.4641,Nov-23,No,Yes,2023-06-08
700,NHNH700_313_31,Y,N,NH,NH,313,6A,251,251,N,,male,2023-12-06,0.3262,0.7695,0.4433,Dec-23,No,Yes,2023-06-08
701,NHNH701_313_32,N,N,NH,NH,313,6B,259,259,N,2023-06-06,immature,2022-10-24,0.0067,0.0171,0.0104,Oct-22,No,No,
701,NHNH701_313_32,N,N,NH,NH,313,6B,259,259,N,2023-06-06,immature,2023-01-13,0.007,0.0175,0.0105,Jan-23,No,No,
701,NHNH701_313_32,N,N,NH,NH,313,6B,259,259,N,2023-06-06,immature,2023-02-15,0.0067,0.0169,0.0102,Feb-23,No,No,
701,NHNH701_313_32,N,N,NH,NH,313,6B,259,259,N,2023-06-06,immature,2023-03-16,0.0064,0.0167,0.0103,Mar-23,No,No,
701,NHNH701_313_32,N,N,NH,NH,313,6B,259,259,N,2023-06-06,immature,2023-04-12,0.0062,0.0167,0.0105,Apr-23,No,No,
701,NHNH701_313_32,N,N,NH,NH,313,6B,259,259,N,2023-06-06,immature,2023-05-12,0.006,0.0166,0.0106,May-23,No,No,
703,NHNH703_313_34,Y,N,NH,NH,313,6A,254,254,N,,male,2023-06-08,0.0461,0.1251,0.079,Jun-23,No,Yes,2023-06-08
703,NHNH703_313_34,Y,N,NH,NH,313,6A,254,254,N,,male,2023-07-07,0.0825,0.2148,0.1323,Jul-23,No,Yes,2023-06-08
703,NHNH703_313_34,Y,N,NH,NH,313,6A,254,254,N,,male,2023-08-17,0.2002,0.4975,0.2973,Aug-23,No,Yes,2023-06-08
703,NHNH703_313_34,Y,N,NH,NH,313,6A,254,254,N,,male,2023-09-18,0.2572,0.6466,0.3894,Sep-23,No,Yes,2023-06-08
703,NHNH703_313_34,Y,N,NH,NH,313,6A,254,254,N,,male,2023-10-10,0.2663,0.6603,0.394,Oct-23,No,Yes,2023-06-08
703,NHNH703_313_34,Y,N,NH,NH,313,6A,254,254,N,,male,2023-11-09,0.269,0.6391,0.3701,Nov-23,No,Yes,2023-06-08
703,NHNH703_313_34,Y,N,NH,NH,313,6A,254,254,N,,male,2023-12-06,0.2664,0.5905,0.3241,Dec-23,No,Yes,2023-06-08
708,NCNH708_313_32,Y,N,NC,NH,313,3B,224,224,N,,female,2022-10-24,0.1297,0.3018,0.1721,Oct-22,No,No,
708,NCNH708_313_32,Y,N,NC,NH,313,3B,224,224,N,,female,2023-01-12,0.1777,0.4551,0.2774,Jan-23,No,No,
708,NCNH708_313_32,Y,N,NC,NH,313,3B,224,224,N,,female,2023-02-14,0.1773,0.4526,0.2753,Feb-23,No,No,
708,NCNH708_313_32,Y,N,NC,NH,313,3B,224,224,N,,female,2023-03-16,0.1786,0.4571,0.2785,Mar-23,No,No,
708,NCNH708_313_32,Y,N,NC,NH,313,3B,224,224,N,,female,2023-04-12,0.1815,0.4636,0.2821,Apr-23,No,No,
708,NCNH708_313_32,Y,N,NC,NH,313,3B,224,224,N,,female,2023-05-11,0.1943,0.4896,0.2953,May-23,No,No,
708,NCNH708_313_32,Y,N,NC,NH,313,3B,224,224,N,,female,2023-06-08,0.2724,0.7108,0.4384,Jun-23,No,No,
708,NCNH708_313_32,Y,N,NC,NH,313,3B,224,224,N,,female,2023-07-06,0.3873,0.9393,0.552,Jul-23,No,No,
708,NCNH708_313_32,Y,N,NC,NH,313,3B,224,224,N,,female,2023-08-17,0.5227,1.2198,0.6971,Aug-23,No,No,
708,NCNH708_313_32,Y,N,NC,NH,313,3B,224,224,N,,female,2023-09-18,0.5666,1.3535,0.7869,Sep-23,No,No,
708,NCNH708_313_32,Y,N,NC,NH,313,3B,224,224,N,,female,2023-10-12,0.5717,1.3674,0.7957,Oct-23,No,No,
708,NCNH708_313_32,Y,N,NC,NH,313,3B,224,224,N,,female,2023-11-09,0.5691,1.3486,0.7795,Nov-23,No,No,
708,NCNH708_313_32,Y,N,NC,NH,313,3B,224,224,N,,female,2023-12-04,0.5677,1.3623,0.7946,Dec-23,No,No,
709,NCNH709_313_33,Y,N,NC,NH,313,3C,221,221,N,,male,2022-10-24,0.1047,0.2883,0.1836,Oct-22,No,No,
709,NCNH709_313_33,Y,N,NC,NH,313,3C,221,221,N,,male,2023-01-13,0.1572,0.4022,0.245,Jan-23,No,No,
709,NCNH709_313_33,Y,N,NC,NH,313,3C,221,221,N,,male,2023-02-14,0.1611,0.4034,0.2423,Feb-23,No,No,
709,NCNH709_313_33,Y,N,NC,NH,313,3C,221,221,N,,male,2023-03-16,0.1624,0.4133,0.2509,Mar-23,No,No,
709,NCNH709_313_33,Y,N,NC,NH,313,3C,221,221,N,,male,2023-04-12,0.1728,0.4206,0.2478,Apr-23,No,No,
709,NCNH709_313_33,Y,N,NC,NH,313,3C,221,221,N,,male,2023-05-12,0.2255,0.5662,0.3407,May-23,No,No,
709,NCNH709_313_33,Y,N,NC,NH,313,3C,221,221,N,,male,2023-06-08,0.3042,0.7609,0.4567,Jun-23,No,No,
709,NCNH709_313_33,Y,N,NC,NH,313,3C,221,221,N,,male,2023-07-07,0.3976,0.9656,0.568,Jul-23,No,No,
709,NCNH709_313_33,Y,N,NC,NH,313,3C,221,221,N,,male,2023-08-17,0.4464,1.0104,0.564,Aug-23,No,No,
709,NCNH709_313_33,Y,N,NC,NH,313,3C,221,221,N,,male,2023-09-18,0.4497,1.0857,0.636,Sep-23,No,No,
709,NCNH709_313_33,Y,N,NC,NH,313,3C,221,221,N,,male,2023-10-12,0.4687,1.0998,0.6311,Oct-23,No,No,
709,NCNH709_313_33,Y,N,NC,NH,313,3C,221,221,N,,male,2023-11-09,0.4746,1.1097,0.6351,Nov-23,No,No,
709,NCNH709_313_33,Y,N,NC,NH,313,3C,221,221,N,,male,2023-12-06,0.4691,1.1088,0.6397,Dec-23,No,No,
719,NCNH719_314_38,Y,N,NC,NH,314,3B,226,226,N,,female,2022-10-24,0.15,0.4083,0.2583,Oct-22,No,No,
719,NCNH719_314_38,Y,N,NC,NH,314,3B,226,226,N,,female,2023-01-12,0.2188,0.5443,0.3255,Jan-23,No,No,
719,NCNH719_314_38,Y,N,NC,NH,314,3B,226,226,N,,female,2023-02-14,0.2164,0.5516,0.3352,Feb-23,No,No,
719,NCNH719_314_38,Y,N,NC,NH,314,3B,226,226,N,,female,2023-03-16,0.2208,0.5609,0.3401,Mar-23,No,No,
719,NCNH719_314_38,Y,N,NC,NH,314,3B,226,226,N,,female,2023-04-12,0.2286,0.5711,0.3425,Apr-23,No,No,
719,NCNH719_314_38,Y,N,NC,NH,314,3B,226,226,N,,female,2023-05-11,0.2596,0.6529,0.3933,May-23,No,No,
719,NCNH719_314_38,Y,N,NC,NH,314,3B,226,226,N,,female,2023-06-08,0.2831,0.6722,0.3891,Jun-23,No,No,
719,NCNH719_314_38,Y,N,NC,NH,314,3B,226,226,N,,female,2023-07-06,0.3327,0.7806,0.4479,Jul-23,No,No,
719,NCNH719_314_38,Y,N,NC,NH,314,3B,226,226,N,,female,2023-08-17,0.4695,1.0833,0.6138,Aug-23,No,No,
719,NCNH719_314_38,Y,N,NC,NH,314,3B,226,226,N,,female,2023-09-18,0.5445,1.2357,0.6912,Sep-23,No,No,
719,NCNH719_314_38,Y,N,NC,NH,314,3B,226,226,N,,female,2023-10-10,0.5681,1.3004,0.7323,Oct-23,No,No,
719,NCNH719_314_38,Y,N,NC,NH,314,3B,226,226,N,,female,2023-11-07,0.5756,1.3362,0.7606,Nov-23,No,No,
719,NCNH719_314_38,Y,N,NC,NH,314,3B,226,226,N,,female,2023-12-04,0.5764,1.3095,0.7331,Dec-23,No,No,
720,NCNH720_314_39,Y,N,NC,NH,314,3C,260,282,N,,male,2022-10-24,0.1255,0.343,0.2175,Oct-22,Yes,No,
720,NCNH720_314_39,Y,N,NC,NH,314,3C,260,282,N,,male,2023-01-13,0.1717,0.4377,0.266,Jan-23,Yes,No,
720,NCNH720_314_39,Y,N,NC,NH,314,3C,260,282,N,,male,2023-02-14,0.1722,0.433,0.2608,Feb-23,Yes,No,
720,NCNH720_314_39,Y,N,NC,NH,314,3C,260,282,N,,male,2023-03-16,0.1707,0.4341,0.2634,Mar-23,Yes,No,
720,NCNH720_314_39,Y,N,NC,NH,314,3C,260,282,N,,male,2023-04-12,0.1776,0.4422,0.2646,Apr-23,Yes,No,
720,NCNH720_314_39,Y,N,NC,NH,314,3C,260,282,N,,male,2023-05-12,0.1897,0.4729,0.2832,May-23,Yes,No,
720,NCNH720_314_39,Y,N,NC,NH,314,3C,260,282,N,,male,2023-06-08,0.1991,0.4729,0.2738,Jun-23,Yes,No,
720,NCNH720_314_39,Y,N,NC,NH,314,3C,260,282,N,,male,2023-07-07,0.2762,0.5974,0.3212,Jul-23,Yes,No,
722,NHNC722_305_22,Y,N,NH,NC,305,6A,245,245,N,,male,2022-10-24,0.0332,0.0961,0.0629,Oct-22,No,No,
722,NHNC722_305_22,Y,N,NH,NC,305,6A,245,245,N,,male,2023-01-13,0.0505,0.1526,0.1021,Jan-23,No,No,
722,NHNC722_305_22,Y,N,NH,NC,305,6A,245,245,N,,male,2023-02-15,0.0511,0.1509,0.0998,Feb-23,No,No,
722,NHNC722_305_22,Y,N,NH,NC,305,6A,245,245,N,,male,2023-03-16,0.0501,0.1502,0.1001,Mar-23,No,No,
722,NHNC722_305_22,Y,N,NH,NC,305,6A,245,245,N,,male,2023-04-12,0.0483,0.145,0.0967,Apr-23,No,No,
722,NHNC722_305_22,Y,N,NH,NC,305,6A,245,245,N,,male,2023-05-12,0.0485,0.1393,0.0908,May-23,No,No,
722,NHNC722_305_22,Y,N,NH,NC,305,6A,245,245,N,,male,2023-06-08,0.0509,0.1413,0.0904,Jun-23,No,No,
722,NHNC722_305_22,Y,N,NH,NC,305,6A,245,245,N,,male,2023-07-07,0.0952,0.2635,0.1683,Jul-23,No,No,
722,NHNC722_305_22,Y,N,NH,NC,305,6A,245,245,N,,male,2023-08-17,0.2112,0.484,0.2728,Aug-23,No,No,
722,NHNC722_305_22,Y,N,NH,NC,305,6A,245,245,N,,male,2023-09-18,0.2549,0.5795,0.3246,Sep-23,No,No,
722,NHNC722_305_22,Y,N,NH,NC,305,6A,245,245,N,,male,2023-10-10,0.2639,0.59,0.3261,Oct-23,No,No,
722,NHNC722_305_22,Y,N,NH,NC,305,6A,245,245,N,,male,2023-11-09,0.2725,0.5997,0.3272,Nov-23,No,No,
722,NHNC722_305_22,Y,N,NH,NC,305,6A,245,245,N,,male,2023-12-06,0.2713,0.6324,0.3611,Dec-23,No,No,
724,NHNC724_305_24,Y,N,NH,NC,305,6C,243,243,N,,male,2022-10-24,0.0416,0.1104,0.0688,Oct-22,No,No,
724,NHNC724_305_24,Y,N,NH,NC,305,6C,243,243,N,,male,2023-01-14,0.0513,0.1441,0.0928,Jan-23,No,No,
724,NHNC724_305_24,Y,N,NH,NC,305,6C,243,243,N,,male,2023-02-16,0.0508,0.1376,0.0868,Feb-23,No,No,
724,NHNC724_305_24,Y,N,NH,NC,305,6C,243,243,N,,male,2023-03-17,0.0501,0.1413,0.0912,Mar-23,No,No,
724,NHNC724_305_24,Y,N,NH,NC,305,6C,243,243,N,,male,2023-04-12,0.0527,0.1492,0.0965,Apr-23,No,No,
724,NHNC724_305_24,Y,N,NH,NC,305,6C,243,243,N,,male,2023-05-12,0.0561,0.1511,0.095,May-23,No,No,
724,NHNC724_305_24,Y,N,NH,NC,305,6C,243,243,N,,male,2023-06-09,0.0677,0.1827,0.115,Jun-23,No,No,
724,NHNC724_305_24,Y,N,NH,NC,305,6C,243,243,N,,male,2023-07-07,0.1137,0.3029,0.1892,Jul-23,No,No,
724,NHNC724_305_24,Y,N,NH,NC,305,6C,243,243,N,,male,2023-08-18,0.1626,0.3733,0.2107,Aug-23,No,No,
724,NHNC724_305_24,Y,N,NH,NC,305,6C,243,243,N,,male,2023-09-18,0.1689,0.3973,0.2284,Sep-23,No,No,
724,NHNC724_305_24,Y,N,NH,NC,305,6C,243,243,N,,male,2023-10-12,0.1696,0.4025,0.2329,Oct-23,No,No,
724,NHNC724_305_24,Y,N,NH,NC,305,6C,243,243,N,,male,2023-11-10,0.1679,0.3909,0.223,Nov-23,No,No,
724,NHNC724_305_24,Y,N,NH,NC,305,6C,243,243,N,,male,2023-12-06,0.1655,0.3848,0.2193,Dec-23,No,No,
733,NCNC733_305_26,Y,N,NC,NC,305,3B,209,209,N,,male,2022-10-24,0.1021,0.2872,0.1851,Oct-22,No,No,
733,NCNC733_305_26,Y,N,NC,NC,305,3B,209,209,N,,male,2023-01-12,0.2231,0.5397,0.3166,Jan-23,No,No,
733,NCNC733_305_26,Y,N,NC,NC,305,3B,209,209,N,,male,2023-02-14,0.2305,0.553,0.3225,Feb-23,No,No,
733,NCNC733_305_26,Y,N,NC,NC,305,3B,209,209,N,,male,2023-03-16,0.239,0.5697,0.3307,Mar-23,No,No,
733,NCNC733_305_26,Y,N,NC,NC,305,3B,209,209,N,,male,2023-04-12,0.2492,0.5695,0.3203,Apr-23,No,No,
733,NCNC733_305_26,Y,N,NC,NC,305,3B,209,209,N,,male,2023-05-11,0.2611,0.5985,0.3374,May-23,No,No,
733,NCNC733_305_26,Y,N,NC,NC,305,3B,209,209,N,,male,2023-06-08,0.2656,0.6019,0.3363,Jun-23,No,No,
733,NCNC733_305_26,Y,N,NC,NC,305,3B,209,209,N,,male,2023-07-06,0.2708,0.6086,0.3378,Jul-23,No,No,
733,NCNC733_305_26,Y,N,NC,NC,305,3B,209,209,N,,male,2023-08-17,0.2771,0.5967,0.3196,Aug-23,No,No,
733,NCNC733_305_26,Y,N,NC,NC,305,3B,209,209,N,,male,2023-09-18,0.31,0.6918,0.3818,Sep-23,No,No,
733,NCNC733_305_26,Y,N,NC,NC,305,3B,209,209,N,,male,2023-10-10,0.3483,0.7818,0.4335,Oct-23,No,No,
733,NCNC733_305_26,Y,N,NC,NC,305,3B,209,209,N,,male,2023-11-07,0.3563,0.8044,0.4481,Nov-23,No,No,
733,NCNC733_305_26,Y,N,NC,NC,305,3B,209,209,N,,male,2023-12-04,0.3581,0.7862,0.4281,Dec-23,No,No,
735,NCNC735_305_28,Y,N,NC,NC,305,3A,208,208,N,,male,2022-10-24,0.1694,0.4329,0.2635,Oct-22,No,No,
735,NCNC735_305_28,Y,N,NC,NC,305,3A,208,208,N,,male,2023-01-12,0.2942,0.693,0.3988,Jan-23,No,No,
735,NCNC735_305_28,Y,N,NC,NC,305,3A,208,208,N,,male,2023-02-14,0.3025,0.7145,0.412,Feb-23,No,No,
735,NCNC735_305_28,Y,N,NC,NC,305,3A,208,208,N,,male,2023-03-16,0.3082,0.7349,0.4267,Mar-23,No,No,
735,NCNC735_305_28,Y,N,NC,NC,305,3A,208,208,N,,male,2023-04-12,0.3197,0.7369,0.4172,Apr-23,No,No,
735,NCNC735_305_28,Y,N,NC,NC,305,3A,208,208,N,,male,2023-05-11,0.3301,0.7464,0.4163,May-23,No,No,
735,NCNC735_305_28,Y,N,NC,NC,305,3A,208,208,N,,male,2023-06-08,0.334,0.7354,0.4014,Jun-23,No,No,
735,NCNC735_305_28,Y,N,NC,NC,305,3A,208,208,N,,male,2023-07-06,0.3366,0.7316,0.395,Jul-23,No,No,
735,NCNC735_305_28,Y,N,NC,NC,305,3A,208,208,N,,male,2023-08-17,0.3445,0.7494,0.4049,Aug-23,No,No,
735,NCNC735_305_28,Y,N,NC,NC,305,3A,208,208,N,,male,2023-09-18,0.3491,0.7713,0.4222,Sep-23,No,No,
735,NCNC735_305_28,Y,N,NC,NC,305,3A,208,208,N,,male,2023-10-10,0.4066,0.926,0.5194,Oct-23,No,No,
735,NCNC735_305_28,Y,N,NC,NC,305,3A,208,208,N,,male,2023-11-07,0.5265,1.243,0.7165,Nov-23,No,No,
735,NCNC735_305_28,Y,N,NC,NC,305,3A,208,208,N,,male,2023-12-04,0.5743,1.2808,0.7065,Dec-23,No,No,
737,NHNC737_303_30,Y,N,NH,NC,303,6C,245,245,N,,female,2022-10-24,0.0587,0.1755,0.1168,Oct-22,No,No,
737,NHNC737_303_30,Y,N,NH,NC,303,6C,245,245,N,,female,2023-01-14,0.0759,0.2136,0.1377,Jan-23,No,No,
737,NHNC737_303_30,Y,N,NH,NC,303,6C,245,245,N,,female,2023-02-16,0.075,0.2052,0.1302,Feb-23,No,No,
737,NHNC737_303_30,Y,N,NH,NC,303,6C,245,245,N,,female,2023-03-17,0.0744,0.209,0.1346,Mar-23,No,No,
737,NHNC737_303_30,Y,N,NH,NC,303,6C,245,245,N,,female,2023-04-12,0.0761,0.2158,0.1397,Apr-23,No,No,
737,NHNC737_303_30,Y,N,NH,NC,303,6C,245,245,N,,female,2023-05-12,0.0798,0.2156,0.1358,May-23,No,No,
737,NHNC737_303_30,Y,N,NH,NC,303,6C,245,245,N,,female,2023-06-09,0.0879,0.2237,0.1358,Jun-23,No,No,
737,NHNC737_303_30,Y,N,NH,NC,303,6C,245,245,N,,female,2023-07-07,0.1426,0.3611,0.2185,Jul-23,No,No,
737,NHNC737_303_30,Y,N,NH,NC,303,6C,245,245,N,,female,2023-08-18,0.2632,0.6078,0.3446,Aug-23,No,No,
737,NHNC737_303_30,Y,N,NH,NC,303,6C,245,245,N,,female,2023-09-18,0.299,0.6913,0.3923,Sep-23,No,No,
737,NHNC737_303_30,Y,N,NH,NC,303,6C,245,245,N,,female,2023-10-12,0.3134,0.7207,0.4073,Oct-23,No,No,
737,NHNC737_303_30,Y,N,NH,NC,303,6C,245,245,N,,female,2023-11-10,0.3218,0.7305,0.4087,Nov-23,No,No,
737,NHNC737_303_30,Y,N,NH,NC,303,6C,245,245,N,,female,2023-12-06,0.3186,0.7156,0.397,Dec-23,No,No,
739,NHNC739_303_32,Y,N,NH,NC,303,6B,242,242,N,,female,2022-10-24,0.0387,0.1031,0.0644,Oct-22,No,No,
739,NHNC739_303_32,Y,N,NH,NC,303,6B,242,242,N,,female,2023-01-14,0.0599,0.1678,0.1079,Jan-23,No,No,
739,NHNC739_303_32,Y,N,NH,NC,303,6B,242,242,N,,female,2023-02-16,0.0588,0.0839,0.0251,Feb-23,No,No,
739,NHNC739_303_32,Y,N,NH,NC,303,6B,242,242,N,,female,2023-03-17,0.0581,0.1668,0.1087,Mar-23,No,No,
739,NHNC739_303_32,Y,N,NH,NC,303,6B,242,242,N,,female,2023-04-12,0.0596,0.1699,0.1103,Apr-23,No,No,
739,NHNC739_303_32,Y,N,NH,NC,303,6B,242,242,N,,female,2023-05-12,0.0633,0.1689,0.1056,May-23,No,No,
739,NHNC739_303_32,Y,N,NH,NC,303,6B,242,242,N,,female,2023-06-09,0.0773,0.2031,0.1258,Jun-23,No,No,
739,NHNC739_303_32,Y,N,NH,NC,303,6B,242,242,N,,female,2023-07-07,0.1316,0.3165,0.1849,Jul-23,No,No,
739,NHNC739_303_32,Y,N,NH,NC,303,6B,242,242,N,,female,2023-08-18,0.2364,0.5379,0.3015,Aug-23,No,No,
739,NHNC739_303_32,Y,N,NH,NC,303,6B,242,242,N,,female,2023-09-18,0.2994,0.6863,0.3869,Sep-23,No,No,
739,NHNC739_303_32,Y,N,NH,NC,303,6B,242,242,N,,female,2023-10-12,0.3291,0.7552,0.4261,Oct-23,No,No,
739,NHNC739_303_32,Y,N,NH,NC,303,6B,242,242,N,,female,2023-11-10,0.3421,0.7609,0.4188,Nov-23,No,No,
739,NHNC739_303_32,Y,N,NH,NC,303,6B,242,242,N,,female,2023-12-06,0.3406,0.7528,0.4122,Dec-23,No,No,
747,NCNC747_303_33,Y,N,NC,NC,303,3C,212,212,N,,female,2022-10-24,0.1609,0.4699,0.309,Oct-22,No,No,
747,NCNC747_303_33,Y,N,NC,NC,303,3C,212,212,N,,female,2023-01-13,0.388,1.0149,0.6269,Jan-23,No,No,
747,NCNC747_303_33,Y,N,NC,NC,303,3C,212,212,N,,female,2023-02-14,0.403,1.0294,0.6264,Feb-23,No,No,
747,NCNC747_303_33,Y,N,NC,NC,303,3C,212,212,N,,female,2023-03-16,0.4158,1.0619,0.6461,Mar-23,No,No,
747,NCNC747_303_33,Y,N,NC,NC,303,3C,212,212,N,,female,2023-04-12,0.4343,1.0748,0.6405,Apr-23,No,No,
747,NCNC747_303_33,Y,N,NC,NC,303,3C,212,212,N,,female,2023-05-12,0.4432,1.0769,0.6337,May-23,No,No,
747,NCNC747_303_33,Y,N,NC,NC,303,3C,212,212,N,,female,2023-06-08,0.4537,1.0824,0.6287,Jun-23,No,No,
747,NCNC747_303_33,Y,N,NC,NC,303,3C,212,212,N,,female,2023-07-07,0.457,1.0661,0.6091,Jul-23,No,No,
747,NCNC747_303_33,Y,N,NC,NC,303,3C,212,212,N,,female,2023-08-17,0.4728,1.0516,0.5788,Aug-23,No,No,
747,NCNC747_303_33,Y,N,NC,NC,303,3C,212,212,N,,female,2023-10-12,0.4778,1.1153,0.6375,Oct-23,No,No,
747,NCNC747_303_33,Y,N,NC,NC,303,3C,212,212,N,,female,2023-11-09,0.4874,1.124,0.6366,Nov-23,No,No,
747,NCNC747_303_33,Y,N,NC,NC,303,3C,212,212,N,,female,2023-12-06,0.4836,1.1012,0.6176,Dec-23,No,No,
749,NCNC749_303_35,Y,N,NC,NC,303,3B,213,213,N,,male,2022-10-24,0.1605,0.4602,0.2997,Oct-22,No,No,
749,NCNC749_303_35,Y,N,NC,NC,303,3B,213,213,N,,male,2023-01-12,0.2716,0.6589,0.3873,Jan-23,No,No,
749,NCNC749_303_35,Y,N,NC,NC,303,3B,213,213,N,,male,2023-02-14,0.2786,0.6715,0.3929,Feb-23,No,No,
749,NCNC749_303_35,Y,N,NC,NC,303,3B,213,213,N,,male,2023-03-16,0.2889,0.6852,0.3963,Mar-23,No,No,
749,NCNC749_303_35,Y,N,NC,NC,303,3B,213,213,N,,male,2023-04-12,0.2968,0.7024,0.4056,Apr-23,No,No,
749,NCNC749_303_35,Y,N,NC,NC,303,3B,213,213,N,,male,2023-05-11,0.3137,0.7373,0.4236,May-23,No,No,
749,NCNC749_303_35,Y,N,NC,NC,303,3B,213,213,N,,male,2023-06-08,0.3124,0.7283,0.4159,Jun-23,No,No,
749,NCNC749_303_35,Y,N,NC,NC,303,3B,213,213,N,,male,2023-07-06,0.3232,0.7273,0.4041,Jul-23,No,No,
749,NCNC749_303_35,Y,N,NC,NC,303,3B,213,213,N,,male,2023-08-17,0.3289,0.7322,0.4033,Aug-23,No,No,
749,NCNC749_303_35,Y,N,NC,NC,303,3B,213,213,N,,male,2023-09-18,0.3577,0.8292,0.4715,Sep-23,No,No,
749,NCNC749_303_35,Y,N,NC,NC,303,3B,213,213,N,,male,2023-10-12,0.4453,1.0493,0.604,Oct-23,No,No,
749,NCNC749_303_35,Y,N,NC,NC,303,3B,213,213,N,,male,2023-11-09,0.4795,1.1091,0.6296,Nov-23,No,No,
749,NCNC749_303_35,Y,N,NC,NC,303,3B,213,213,N,,male,2023-12-04,0.4865,1.1102,0.6237,Dec-23,No,No,
752,NHNC752_308_38,Y,N,NH,NC,308,6B,243,243,N,,female,2022-10-24,0.0411,0.1222,0.0811,Oct-22,No,No,
752,NHNC752_308_38,Y,N,NH,NC,308,6B,243,243,N,,female,2023-01-14,0.0554,0.161,0.1056,Jan-23,No,No,
752,NHNC752_308_38,Y,N,NH,NC,308,6B,243,243,N,,female,2023-02-16,0.054,0.163,0.109,Feb-23,No,No,
752,NHNC752_308_38,Y,N,NH,NC,308,6B,243,243,N,,female,2023-03-17,0.0526,0.1573,0.1047,Mar-23,No,No,
752,NHNC752_308_38,Y,N,NH,NC,308,6B,243,243,N,,female,2023-04-12,0.0532,0.1631,0.1099,Apr-23,No,No,
752,NHNC752_308_38,Y,N,NH,NC,308,6B,243,243,N,,female,2023-05-12,0.0553,0.159,0.1037,May-23,No,No,
752,NHNC752_308_38,Y,N,NH,NC,308,6B,243,243,N,,female,2023-06-09,0.0583,0.1597,0.1014,Jun-23,No,No,
752,NHNC752_308_38,Y,N,NH,NC,308,6B,243,243,N,,female,2023-07-07,0.0996,0.2695,0.1699,Jul-23,No,No,
752,NHNC752_308_38,Y,N,NH,NC,308,6B,243,243,N,,female,2023-08-18,0.2356,0.5621,0.3265,Aug-23,No,No,
752,NHNC752_308_38,Y,N,NH,NC,308,6B,243,243,N,,female,2023-09-18,0.3366,0.8016,0.465,Sep-23,No,No,
752,NHNC752_308_38,Y,N,NH,NC,308,6B,243,243,N,,female,2023-10-12,0.3503,0.8371,0.4868,Oct-23,No,No,
752,NHNC752_308_38,Y,N,NH,NC,308,6B,243,243,N,,female,2023-11-10,0.3715,0.8521,0.4806,Nov-23,No,No,
752,NHNC752_308_38,Y,N,NH,NC,308,6B,243,243,N,,female,2023-12-06,0.3728,0.8595,0.4867,Dec-23,No,No,
754,NHNC754_308_92,Y,Y,NH,NC,308,6A,248,248,N,,male,2022-10-24,0.0437,0.1244,0.0807,Oct-22,No,No,
754,NHNC754_308_92,Y,Y,NH,NC,308,6A,248,248,N,,male,2023-01-13,0.058,0.1587,0.1007,Jan-23,No,No,
754,NHNC754_308_92,Y,Y,NH,NC,308,6A,248,248,N,,male,2023-02-15,0.057,0.156,0.099,Feb-23,No,No,
754,NHNC754_308_92,Y,Y,NH,NC,308,6A,248,248,N,,male,2023-03-16,0.0562,0.16,0.1038,Mar-23,No,No,
754,NHNC754_308_92,Y,Y,NH,NC,308,6A,248,248,N,,male,2023-04-12,0.0559,0.1628,0.1069,Apr-23,No,No,
754,NHNC754_308_92,Y,Y,NH,NC,308,6A,248,248,N,,male,2023-05-12,0.0639,0.1709,0.107,May-23,No,No,
754,NHNC754_308_92,Y,Y,NH,NC,308,6A,248,248,N,,male,2023-06-08,0.0758,0.2103,0.1345,Jun-23,No,No,
754,NHNC754_308_92,Y,Y,NH,NC,308,6A,248,248,N,,male,2023-07-07,0.1291,0.3401,0.211,Jul-23,No,No,
754,NHNC754_308_92,Y,Y,NH,NC,308,6A,248,248,N,,male,2023-08-17,0.2002,0.4649,0.2647,Aug-23,No,No,
754,NHNC754_308_92,Y,Y,NH,NC,308,6A,248,248,N,,male,2023-09-18,0.22,0.5197,0.2997,Sep-23,No,No,
754,NHNC754_308_92,Y,Y,NH,NC,308,6A,248,248,N,,male,2023-10-10,0.2245,0.5342,0.3097,Oct-23,No,No,
754,NHNC754_308_92,Y,Y,NH,NC,308,6A,248,248,N,,male,2023-11-09,0.2239,0.527,0.3031,Nov-23,No,No,
754,NHNC754_308_92,Y,Y,NH,NC,308,6A,248,248,N,,male,2023-12-06,0.222,0.5221,0.3001,Dec-23,No,No,
756,NCNC756_308_37,Y,N,NC,NC,308,3A,219,219,N,,female,2022-10-24,0.1769,0.4782,0.3013,Oct-22,No,No,
756,NCNC756_308_37,Y,N,NC,NC,308,3A,219,219,N,,female,2023-01-12,0.3639,0.89,0.5261,Jan-23,No,No,
756,NCNC756_308_37,Y,N,NC,NC,308,3A,219,219,N,,female,2023-02-14,0.3748,0.9055,0.5307,Feb-23,No,No,
756,NCNC756_308_37,Y,N,NC,NC,308,3A,219,219,N,,female,2023-03-16,0.3849,0.9384,0.5535,Mar-23,No,No,
756,NCNC756_308_37,Y,N,NC,NC,308,3A,219,219,N,,female,2023-04-12,0.3999,0.9593,0.5594,Apr-23,No,No,
756,NCNC756_308_37,Y,N,NC,NC,308,3A,219,219,N,,female,2023-05-12,0.4059,0.9436,0.5377,May-23,No,No,
756,NCNC756_308_37,Y,N,NC,NC,308,3A,219,219,N,,female,2023-06-08,0.4258,0.9668,0.541,Jun-23,No,No,
756,NCNC756_308_37,Y,N,NC,NC,308,3A,219,219,N,,female,2023-07-06,0.4305,0.9584,0.5279,Jul-23,No,No,
756,NCNC756_308_37,Y,N,NC,NC,308,3A,219,219,N,,female,2023-08-17,0.4313,0.9163,0.485,Aug-23,No,No,
756,NCNC756_308_37,Y,N,NC,NC,308,3A,219,219,N,,female,2023-09-18,0.5104,1.1332,0.6228,Sep-23,No,No,
756,NCNC756_308_37,Y,N,NC,NC,308,3A,219,219,N,,female,2023-10-10,0.6184,1.4557,0.8373,Oct-23,No,No,
756,NCNC756_308_37,Y,N,NC,NC,308,3A,219,219,N,,female,2023-11-07,0.7658,1.7374,0.9716,Nov-23,No,No,
756,NCNC756_308_37,Y,N,NC,NC,308,3A,219,219,N,,female,2023-12-04,0.8249,1.8397,1.0148,Dec-23,No,No,
758,NCNC758_308_39,Y,N,NC,NC,308,3C,207,207,N,,male,2022-10-24,0.1414,0.3692,0.2278,Oct-22,No,No,
758,NCNC758_308_39,Y,N,NC,NC,308,3C,207,207,N,,male,2023-01-13,0.2645,0.6219,0.3574,Jan-23,No,No,
758,NCNC758_308_39,Y,N,NC,NC,308,3C,207,207,N,,male,2023-02-14,0.276,0.6432,0.3672,Feb-23,No,No,
758,NCNC758_308_39,Y,N,NC,NC,308,3C,207,207,N,,male,2023-03-16,0.2865,0.6627,0.3762,Mar-23,No,No,
758,NCNC758_308_39,Y,N,NC,NC,308,3C,207,207,N,,male,2023-04-12,0.3026,0.6926,0.39,Apr-23,No,No,
758,NCNC758_308_39,Y,N,NC,NC,308,3C,207,207,N,,male,2023-05-12,0.3106,0.7138,0.4032,May-23,No,No,
758,NCNC758_308_39,Y,N,NC,NC,308,3C,207,207,N,,male,2023-06-08,0.3163,0.7198,0.4035,Jun-23,No,No,
758,NCNC758_308_39,Y,N,NC,NC,308,3C,207,207,N,,male,2023-07-07,0.3247,0.7007,0.376,Jul-23,No,No,
758,NCNC758_308_39,Y,N,NC,NC,308,3C,207,207,N,,male,2023-08-17,0.3292,0.7172,0.388,Aug-23,No,No,
758,NCNC758_308_39,Y,N,NC,NC,308,3C,207,207,N,,male,2023-09-18,0.3454,0.7712,0.4258,Sep-23,No,No,
758,NCNC758_308_39,Y,N,NC,NC,308,3C,207,207,N,,male,2023-10-12,0.3622,0.7868,0.4246,Oct-23,No,No,
758,NCNC758_308_39,Y,N,NC,NC,308,3C,207,207,N,,male,2023-11-09,0.3633,0.8087,0.4454,Nov-23,No,No,
758,NCNC758_308_39,Y,N,NC,NC,308,3C,207,207,N,,male,2023-12-06,0.3587,0.7905,0.4318,Dec-23,No,No,
